file,video_id,commanded_speed_deg_s,trial,expected_cycles,neutral_position_angle_deg,dorsiflexion_direction
Tracker_Exports/Speed_1deg_1.txt,Speed_1deg_1,1,1,3,90,decreasing
Tracker_Exports/Speed_1deg_2.txt,Speed_1deg_2,1,2,3,90,decreasing
Tracker_Exports/Speed_1deg_3.txt,Speed_1deg_3,1,3,3,90,decreasing
Tracker_Exports/Speed_5deg_1.txt,Speed_5deg_1,5,1,3,90,decreasing
Tracker_Exports/Speed_5deg_2.txt,Speed_5deg_2,5,2,3,90,decreasing
Tracker_Exports/Speed_5deg_3.txt,Speed_5deg_3,5,3,3,90,decreasing
Tracker_Exports/Speed_10deg_1.txt,Speed_10deg_1,10,1,3,90,decreasing
Tracker_Exports/Speed_10deg_2.txt,Speed_10deg_2,10,2,3,90,decreasing
Tracker_Exports/Speed_10deg_3.txt,Speed_10deg_3,10,3,3,90,decreasing
Tracker_Exports/Speed_20deg_1.txt,Speed_20deg_1,20,1,3,90,decreasing
Tracker_Exports/Speed_20deg_2.txt,Speed_20deg_2,20,2,3,90,decreasing
Tracker_Exports/Speed_20deg_3.txt,Speed_20deg_3,20,3,3,90,decreasing
