Timestamp ISO 8601,Elapsed Time (s),Sample Index,Cycle,Motion Phase,Commanded AFO Speed (deg/s),Commanded ODrive Velocity (turns/s),Raw ODrive Position (turns),Raw AFO Angle (deg),Moving Avg AFO Angle (deg),Raw Voltage Ratio (V/V),Tare Offset (V/V),Raw Mass (kg),Raw Weight (g),Moving Avg Weight (g),Raw Force (N),Raw Torque (Nm),Moving Avg Torque (Nm),Raw ODrive Velocity (turns/s),Measured AFO Velocity (deg/s),Axis Active Errors
2026-08-24T13:23:51.753+10:00,0.000000,0,0,preparing,30.000000,14.598540,-0.00012439,-0.000256,-0.000256,-1.649372e-06,-1.721e-06,0.001791760,1.791760,1.791760,0.017571,0.008420,0.008420,0.00194902,0.004005,0
2026-08-24T13:23:51.771+10:00,0.016000,1,1,moving_to_max,30.000000,14.598540,0.00007355,0.000151,-0.000052,-1.656823e-06,-1.721e-06,0.001605374,1.605374,1.698567,0.015743,0.007544,0.007982,0.08154357,0.167572,0
2026-08-24T13:23:51.780+10:00,0.031000,2,1,moving_to_max,30.000000,14.598540,0.00057596,0.001184,0.000360,-1.728535e-06,-1.721e-06,-0.000188486,-0.188486,1.069549,-0.001848,-0.000886,0.005026,0.18451060,0.379169,0
2026-08-24T13:23:51.782+10:00,0.031000,3,1,moving_to_max,30.000000,14.598540,0.00133228,0.002738,0.000954,-1.728535e-06,-1.721e-06,-0.000188486,-0.188486,0.755040,-0.001848,-0.000886,0.003548,0.24709548,0.507781,0
2026-08-24T13:23:51.789+10:00,0.031000,4,1,moving_to_max,30.000000,14.598540,0.00308144,0.006332,0.002030,-1.947396e-06,-1.721e-06,-0.005663249,-5.663249,-0.528618,-0.055538,-0.026613,-0.002484,0.28951910,0.594962,0
2026-08-24T13:23:51.803+10:00,0.047000,5,1,moving_to_max,30.000000,14.598540,0.00921625,0.018939,0.004848,-3.780238e-06,-1.721e-06,-0.051511414,-51.511414,-9.025750,-0.505154,-0.242068,-0.042415,0.52547902,1.079859,0
2026-08-24T13:23:51.812+10:00,0.063000,6,1,moving_to_max,30.000000,14.598540,0.03063893,0.062963,0.013150,-3.702939e-06,-1.721e-06,-0.049577796,-49.577796,-14.818900,-0.486192,-0.232982,-0.069639,1.06963968,2.198110,0
2026-08-24T13:23:51.842+10:00,0.094000,7,1,moving_to_max,30.000000,14.598540,0.04289401,0.088147,0.022525,-4.987232e-06,-1.721e-06,-0.081704120,-81.704120,-23.179552,-0.801244,-0.383954,-0.108928,1.13893020,2.340502,0
2026-08-24T13:23:51.846+10:00,0.094000,8,1,moving_to_max,30.000000,14.598540,0.04794866,0.098534,0.030970,-5.736016e-06,-1.721e-06,-0.100434798,-100.434798,-31.763469,-0.984929,-0.471976,-0.149267,1.29543066,2.662110,0
2026-08-24T13:23:51.861+10:00,0.109000,9,1,moving_to_max,30.000000,14.598540,0.06864291,0.141061,0.041979,-2.946705e-06,-1.721e-06,-0.030660758,-30.660758,-31.653197,-0.300679,-0.144085,-0.148748,1.38544202,2.847083,0
2026-08-24T13:23:51.869+10:00,0.109000,10,1,moving_to_max,30.000000,14.598540,0.08086574,0.166179,0.053270,-4.404224e-06,-1.721e-06,-0.067120295,-67.120295,-34.877479,-0.658225,-0.315421,-0.163901,1.48832035,3.058498,0
2026-08-24T13:23:51.873+10:00,0.125000,11,1,moving_to_max,30.000000,14.598540,0.08563095,0.175972,0.063495,-4.404224e-06,-1.721e-06,-0.067120295,-67.120295,-37.564380,-0.658225,-0.315421,-0.176527,1.51470339,3.112715,0
2026-08-24T13:23:51.875+10:00,0.125000,12,1,moving_to_max,30.000000,14.598540,0.08970463,0.184343,0.072791,-5.092472e-06,-1.721e-06,-0.084336677,-84.336677,-41.162249,-0.827060,-0.396327,-0.193435,1.56547940,3.217060,0
2026-08-24T13:23:51.879+10:00,0.125000,13,1,moving_to_max,30.000000,14.598540,0.09555078,0.196357,0.081618,-5.092472e-06,-1.721e-06,-0.084336677,-84.336677,-44.246137,-0.827060,-0.396327,-0.207927,1.63535118,3.360647,0
2026-08-24T13:23:51.882+10:00,0.125000,14,1,moving_to_max,30.000000,14.598540,0.09981441,0.205119,0.089851,-5.092472e-06,-1.721e-06,-0.084336677,-84.336677,-46.918840,-0.827060,-0.396327,-0.220487,1.71162319,3.517386,0
2026-08-24T13:23:51.884+10:00,0.125000,15,1,moving_to_max,30.000000,14.598540,0.10432947,0.214397,0.097635,-1.098029e-06,-1.721e-06,0.015583491,15.583491,-43.012444,0.152822,0.073232,-0.202130,1.82660103,3.753665,0
2026-08-24T13:23:51.888+10:00,0.141000,16,1,moving_to_max,30.000000,14.598540,0.11264926,0.231494,0.105509,-1.098029e-06,-1.721e-06,0.015583491,15.583491,-39.565624,0.152822,0.073232,-0.185932,1.84337234,3.788130,0
2026-08-24T13:23:51.902+10:00,0.141000,17,1,moving_to_max,30.000000,14.598540,0.14132237,0.290417,0.115782,-6.669201e-06,-1.721e-06,-0.123778228,-123.778228,-44.244102,-1.213850,-0.581677,-0.207918,2.08401299,4.282647,0
2026-08-24T13:23:51.906+10:00,0.156000,18,1,moving_to_max,30.000000,14.598540,0.14673716,0.301545,0.125559,-6.669201e-06,-1.721e-06,-0.123778228,-123.778228,-48.430109,-1.213850,-0.581677,-0.227589,1.93453109,3.975461,0
2026-08-24T13:23:51.908+10:00,0.156000,19,1,moving_to_max,30.000000,14.598540,0.15131176,0.310946,0.134828,-4.787929e-06,-1.721e-06,-0.076718597,-76.718597,-49.844533,-0.752352,-0.360527,-0.234236,1.88261533,3.868774,0
2026-08-24T13:23:51.916+10:00,0.156000,20,1,moving_to_max,30.000000,14.598540,0.16778654,0.344801,0.144827,-3.681518e-06,-1.721e-06,-0.049041954,-49.041954,-49.806315,-0.480937,-0.230465,-0.234057,2.25865602,4.641538,0
2026-08-24T13:23:51.979+10:00,0.219000,21,1,moving_to_max,30.000000,14.598540,0.33871230,0.696054,0.169883,-4.515052e-06,-1.721e-06,-0.069892635,-69.892635,-50.719330,-0.685413,-0.328440,-0.238347,3.02312851,6.212529,0
2026-08-24T13:23:51.984+10:00,0.234000,22,1,moving_to_max,30.000000,14.598540,0.35090300,0.721106,0.193849,-4.515052e-06,-1.721e-06,-0.069892635,-69.892635,-51.552952,-0.685413,-0.328439,-0.242264,3.24735212,6.673309,0
2026-08-24T13:23:51.986+10:00,0.234000,23,1,moving_to_max,30.000000,14.598540,0.36235458,0.744639,0.216798,-4.515052e-06,-1.721e-06,-0.069892635,-69.892635,-52.317105,-0.685413,-0.328438,-0.245854,3.31569266,6.813748,0
2026-08-24T13:23:51.990+10:00,0.234000,24,1,moving_to_max,30.000000,14.598540,0.37075901,0.761910,0.238603,-3.783032e-06,-1.721e-06,-0.051581306,-51.581306,-52.287673,-0.505840,-0.242389,-0.245716,3.20358181,6.583361,0
2026-08-24T13:23:51.992+10:00,0.234000,25,1,moving_to_max,30.000000,14.598540,0.37869686,0.778222,0.259357,-3.783032e-06,-1.721e-06,-0.051581306,-51.581306,-52.260505,-0.505840,-0.242388,-0.245588,3.19612765,6.568042,0
2026-08-24T13:23:51.996+10:00,0.234000,26,1,moving_to_max,30.000000,14.598540,0.39347166,0.808584,0.279699,-3.986061e-06,-1.721e-06,-0.056660034,-56.660034,-52.423451,-0.555645,-0.266252,-0.246353,3.36922765,6.923763,0
2026-08-24T13:23:52.009+10:00,0.250000,27,1,moving_to_max,30.000000,14.598540,0.44179600,0.907891,0.302135,-5.780719e-06,-1.721e-06,-0.101553034,-101.553034,-54.178079,-0.995895,-0.477201,-0.254598,3.59878325,7.395500,0
2026-08-24T13:23:52.013+10:00,0.266000,28,1,moving_to_max,30.000000,14.598540,0.45283955,0.930585,0.323805,-6.1933e-07,-1.721e-06,0.027558048,27.558048,-51.359592,0.270252,0.129495,-0.241353,3.52195859,7.237625,0
2026-08-24T13:23:52.030+10:00,0.281000,29,1,moving_to_max,30.000000,14.598540,0.59081852,1.214132,0.353483,-3.07709e-06,-1.721e-06,-0.033922312,-33.922312,-50.778349,-0.332664,-0.159389,-0.238621,4.15851545,8.545749,0
2026-08-24T13:23:52.054+10:00,0.297000,30,1,moving_to_max,30.000000,14.598540,0.61662006,1.267154,0.395730,-1.090579e-06,-1.721e-06,0.015769851,15.769851,-50.312413,0.154649,0.074096,-0.236432,4.50868988,9.265358,0
2026-08-24T13:23:52.057+10:00,0.297000,31,1,moving_to_max,30.000000,14.598540,0.62819636,1.290944,0.438756,-1.090579e-06,-1.721e-06,0.015769851,15.769851,-49.840263,0.154649,0.074095,-0.234213,4.59503126,9.442789,0
2026-08-24T13:23:52.059+10:00,0.297000,32,1,moving_to_max,30.000000,14.598540,0.64081192,1.316868,0.482612,-3.09851e-06,-1.721e-06,-0.034458129,-34.458129,-50.982585,-0.337919,-0.161901,-0.239581,4.53093004,9.311061,0
2026-08-24T13:23:52.063+10:00,0.313000,33,1,moving_to_max,30.000000,14.598540,0.65208983,1.340045,0.527189,-3.09851e-06,-1.721e-06,-0.034458129,-34.458129,-52.124906,-0.337919,-0.161899,-0.244948,4.22224760,8.676719,0
2026-08-24T13:23:52.066+10:00,0.313000,34,1,moving_to_max,30.000000,14.598540,0.66994107,1.376729,0.572869,-3.09851e-06,-1.721e-06,-0.034458129,-34.458129,-53.084736,-0.337919,-0.161897,-0.249457,4.90048170,10.070490,0
2026-08-24T13:23:52.076+10:00,0.328000,35,1,moving_to_max,30.000000,14.598540,0.73629403,1.513084,0.622674,-3.169291e-06,-1.721e-06,-0.036228701,-36.228701,-52.575312,-0.355282,-0.170206,-0.247062,4.58898306,9.430360,0
2026-08-24T13:23:52.087+10:00,0.328000,36,1,moving_to_max,30.000000,14.598540,0.76541001,1.572918,0.673006,4.61936e-07,-1.721e-06,0.054605694,54.605694,-49.102529,0.535499,0.256536,-0.230745,5.02609444,10.328624,0
2026-08-24T13:23:52.090+10:00,0.328000,37,1,moving_to_max,30.000000,14.598540,0.77827179,1.599349,0.723379,4.61936e-07,-1.721e-06,0.054605694,54.605694,-44.558868,0.535499,0.256533,-0.209395,4.85748672,9.982135,0
2026-08-24T13:23:52.093+10:00,0.344000,38,1,moving_to_max,30.000000,14.598540,0.79125804,1.626035,0.774296,-3.94322e-06,-1.721e-06,-0.055588375,-55.588375,-43.063988,-0.545136,-0.261146,-0.202367,4.70745325,9.673816,0
2026-08-24T13:23:52.095+10:00,0.344000,39,1,moving_to_max,30.000000,14.598540,0.80409878,1.652423,0.824675,-3.94322e-06,-1.721e-06,-0.055588375,-55.588375,-43.894908,-0.545136,-0.261143,-0.206269,4.73224783,9.724769,0
2026-08-24T13:23:52.098+10:00,0.344000,40,1,moving_to_max,30.000000,14.598540,0.82219064,1.689602,0.875455,-3.94322e-06,-1.721e-06,-0.055588375,-55.588375,-43.510511,-0.545136,-0.261138,-0.204460,5.06284666,10.404150,0
2026-08-24T13:23:52.101+10:00,0.344000,41,1,moving_to_max,30.000000,14.598540,0.83615929,1.718307,0.926867,7.47852e-07,-1.721e-06,0.061757824,61.757824,-39.214573,0.605637,0.290116,-0.184275,4.87886953,10.026077,0
2026-08-24T13:23:52.117+10:00,0.359000,42,1,moving_to_max,30.000000,14.598540,0.91591972,1.882215,0.983462,-1.116656e-06,-1.721e-06,0.015117541,15.117541,-35.899433,0.148252,0.071010,-0.168697,5.10976219,10.500561,0
2026-08-24T13:23:52.121+10:00,0.359000,43,1,moving_to_max,30.000000,14.598540,0.93633622,1.924171,1.041056,-1.116656e-06,-1.721e-06,0.015117541,15.117541,-32.584292,0.148252,0.071008,-0.153119,5.51946306,11.342497,0
2026-08-24T13:23:52.124+10:00,0.375000,44,1,moving_to_max,30.000000,14.598540,0.95035344,1.952976,1.099318,-4.48897e-07,-1.721e-06,0.031821394,31.821394,-28.712357,0.312061,0.149465,-0.134926,5.50853205,11.320033,0
2026-08-24T13:23:52.126+10:00,0.375000,45,1,moving_to_max,30.000000,14.598540,0.96356612,1.980128,1.158176,-4.48897e-07,-1.721e-06,0.031821394,31.821394,-28.171093,0.312061,0.149463,-0.132385,5.21935272,10.725770,0
2026-08-24T13:23:52.129+10:00,0.375000,46,1,moving_to_max,30.000000,14.598540,0.97665626,2.007029,1.217360,-4.48897e-07,-1.721e-06,0.031821394,31.821394,-27.629830,0.312061,0.149460,-0.129844,5.00860453,10.292682,0
2026-08-24T13:23:52.135+10:00,0.375000,47,1,moving_to_max,30.000000,14.598540,1.01457560,2.084953,1.277178,-4.41447e-07,-1.721e-06,0.032007755,32.007755,-22.436964,0.313889,0.150328,-0.105444,5.65808773,11.627370,0
2026-08-24T13:23:52.157+10:00,0.406000,48,1,moving_to_max,30.000000,14.598540,1.13561273,2.333684,1.344916,-1.05612e-06,-1.721e-06,0.016631836,16.631836,-17.756628,0.163103,0.078099,-0.083452,5.98253727,12.294114,0
2026-08-24T13:23:52.160+10:00,0.406000,49,1,moving_to_max,30.000000,14.598540,1.15261054,2.368615,1.413505,-1.05612e-06,-1.721e-06,0.016631836,16.631836,-14.644947,0.163103,0.078097,-0.068831,5.72915888,11.773421,0
2026-08-24T13:23:52.162+10:00,0.406000,50,1,moving_to_max,30.000000,14.598540,1.16754520,2.399305,1.481989,-1.378357e-06,-1.721e-06,0.008571144,8.571144,-12.724510,0.084054,0.040246,-0.059807,5.49372005,11.289595,0
2026-08-24T13:23:52.169+10:00,0.422000,51,1,moving_to_max,30.000000,14.598540,1.21100950,2.488625,1.541741,-1.378357e-06,-1.721e-06,0.008571144,8.571144,-10.109051,0.084054,0.040243,-0.047518,5.87125540,12.065430,0
2026-08-24T13:23:52.173+10:00,0.422000,52,1,moving_to_max,30.000000,14.598540,1.23139417,2.530515,1.602055,-2.18861e-07,-1.721e-06,0.037575698,37.575698,-6.526773,0.368492,0.176417,-0.030689,5.62175274,11.552702,0
2026-08-24T13:23:52.186+10:00,0.438000,53,1,moving_to_max,30.000000,14.598540,1.30410743,2.679941,1.666565,-1.7602e-07,-1.721e-06,0.038647356,38.647356,-2.908774,0.379001,0.181424,-0.013694,5.47715664,11.255557,0
2026-08-24T13:23:52.204+10:00,0.453000,54,1,moving_to_max,30.000000,14.598540,1.40723526,2.891868,1.737563,6.576069e-06,-1.721e-06,0.207549471,207.549471,5.728919,2.035365,0.974100,0.026856,5.69221210,11.697496,0
2026-08-24T13:23:52.214+10:00,0.453000,55,1,moving_to_max,30.000000,14.598540,1.45613885,2.992365,1.811368,5.97816e-06,-1.721e-06,0.192592901,192.592901,13.868059,1.888691,0.903806,0.065062,5.41780567,11.133591,0
2026-08-24T13:23:52.216+10:00,0.469000,56,1,moving_to_max,30.000000,14.598540,1.46931291,3.019438,1.885063,5.97816e-06,-1.721e-06,0.192592901,192.592901,22.176490,1.888691,0.903778,0.104063,5.01893234,10.313906,0
2026-08-24T13:23:52.220+10:00,0.469000,57,1,moving_to_max,30.000000,14.598540,1.48466909,3.050995,1.956500,4.074536e-06,-1.721e-06,0.144974139,144.974139,30.394063,1.421711,0.680294,0.142646,5.08393574,10.447488,0
2026-08-24T13:23:52.222+10:00,0.469000,58,1,moving_to_max,30.000000,14.598540,1.49888527,3.080209,2.028154,4.074536e-06,-1.721e-06,0.144974139,144.974139,34.307932,1.421711,0.680272,0.161006,5.49568844,11.293640,0
2026-08-24T13:23:52.231+10:00,0.469000,59,1,moving_to_max,30.000000,14.598540,1.54657638,3.178214,2.093623,2.377667e-06,-1.721e-06,0.102527310,102.527310,38.856253,1.005449,0.481040,0.182353,4.96203661,10.196985,0
2026-08-24T13:23:52.235+10:00,0.484000,60,1,moving_to_max,30.000000,14.598540,1.57321358,3.232954,2.159150,3.529713e-06,-1.721e-06,0.131345504,131.345504,42.708775,1.288059,0.616210,0.200424,4.78946018,9.842341,0
2026-08-24T13:23:52.269+10:00,0.516000,61,1,moving_to_max,30.000000,14.598540,1.72948408,3.554090,2.234588,3.545545e-06,-1.721e-06,0.131741538,131.741538,46.574498,1.291943,0.617808,0.218547,4.43291235,9.109635,0
2026-08-24T13:23:52.272+10:00,0.516000,62,1,moving_to_max,30.000000,14.598540,1.74412239,3.584172,2.310165,3.545545e-06,-1.721e-06,0.131741538,131.741538,52.114487,1.291943,0.617782,0.244537,4.42385244,9.091017,0
2026-08-24T13:23:52.275+10:00,0.516000,63,1,moving_to_max,30.000000,14.598540,1.75936782,3.615501,2.386014,8.342788e-06,-1.721e-06,0.251743583,251.743583,61.654544,2.468761,1.180461,0.289282,4.71344900,9.686138,0
2026-08-24T13:23:52.279+10:00,0.531000,64,1,moving_to_max,30.000000,14.598540,1.77282691,3.643159,2.461561,8.342788e-06,-1.721e-06,0.251743583,251.743583,71.194601,2.468761,1.180414,0.334026,4.53816748,9.325934,0
2026-08-24T13:23:52.290+10:00,0.531000,65,1,moving_to_max,30.000000,14.598540,1.82545042,3.751301,2.536169,2.818182e-06,-1.721e-06,0.113546702,113.546702,76.187114,1.113513,0.532331,0.357444,4.14146709,8.510715,0
2026-08-24T13:23:52.300+10:00,0.547000,66,1,moving_to_max,30.000000,14.598540,1.86787701,3.838487,2.611688,3.780238e-06,-1.721e-06,0.137612335,137.612335,78.954002,1.349516,0.645069,0.370395,4.19461298,8.619930,0
2026-08-24T13:23:52.305+10:00,0.547000,67,1,moving_to_max,30.000000,14.598540,1.88442075,3.872485,2.687459,3.780238e-06,-1.721e-06,0.137612335,137.612335,81.720890,1.349516,0.645035,0.383345,4.09298658,8.411087,0
2026-08-24T13:23:52.308+10:00,0.547000,68,1,moving_to_max,30.000000,14.598540,1.89734626,3.899047,2.763226,8.230098e-06,-1.721e-06,0.248924666,248.924666,91.871325,2.441117,1.166745,0.430941,3.89572430,8.005713,0
2026-08-24T13:23:52.310+10:00,0.563000,69,1,moving_to_max,30.000000,14.598540,1.90711617,3.919124,2.838782,8.230098e-06,-1.721e-06,0.248924666,248.924666,102.021760,2.441117,1.166707,0.478536,3.62060332,7.440340,0
2026-08-24T13:23:52.337+10:00,0.578000,70,1,moving_to_max,30.000000,14.598540,2.01075482,4.132101,2.920199,4.784204e-06,-1.721e-06,0.162726338,162.726338,109.298917,1.595800,0.762427,0.512655,3.83727455,7.885599,0
2026-08-24T13:23:52.340+10:00,0.594000,71,1,moving_to_max,30.000000,14.598540,2.02030420,4.151725,3.001313,4.336238e-06,-1.721e-06,0.151520560,151.520560,112.291008,1.485909,0.709901,0.526648,3.55412173,7.303720,0
2026-08-24T13:23:52.343+10:00,0.594000,72,1,moving_to_max,30.000000,14.598540,2.02808142,4.167707,3.077496,4.336238e-06,-1.721e-06,0.151520560,151.520560,116.837775,1.485909,0.709881,0.547944,3.30297685,6.787617,0
2026-08-24T13:23:52.346+10:00,0.594000,73,1,moving_to_max,30.000000,14.598540,2.03633451,4.184667,3.152846,4.336238e-06,-1.721e-06,0.151520560,151.520560,121.384543,1.485909,0.709860,0.569239,3.14159656,6.455981,0
2026-08-24T13:23:52.348+10:00,0.594000,74,1,moving_to_max,30.000000,14.598540,2.04354548,4.199486,3.227730,1.2243167e-05,-1.721e-06,0.349310760,349.310760,131.967522,3.425568,1.636446,0.618805,3.21038795,6.597347,0
2026-08-24T13:23:52.368+10:00,0.609000,75,1,moving_to_max,30.000000,14.598540,2.10863113,4.333237,3.306167,8.467585e-06,-1.721e-06,0.254865354,254.865354,139.402320,2.499375,1.193703,0.653613,3.13857245,6.449766,0
2026-08-24T13:23:52.379+10:00,0.625000,76,1,moving_to_max,30.000000,14.598540,2.14437532,4.406691,3.386155,4.796311e-06,-1.721e-06,0.163029192,163.029192,143.775914,1.598770,0.763469,0.674080,2.90394497,5.967607,0
2026-08-24T13:23:52.383+10:00,0.625000,77,1,moving_to_max,30.000000,14.598540,2.15302324,4.424463,3.464139,4.796311e-06,-1.721e-06,0.163029192,163.029192,148.143295,1.598770,0.763443,0.694517,2.61658287,5.377078,0
2026-08-24T13:23:52.385+10:00,0.625000,78,1,moving_to_max,30.000000,14.598540,2.15942264,4.437614,3.534270,4.796311e-06,-1.721e-06,0.163029192,163.029192,153.023207,1.598770,0.763424,0.717361,2.50910830,5.156218,0
2026-08-24T13:23:52.389+10:00,0.641000,79,1,moving_to_max,30.000000,14.598540,2.16757464,4.454366,3.603795,7.389113e-06,-1.721e-06,0.227887600,227.887600,160.065065,2.234814,1.067106,0.750328,2.70645261,5.561760,0
2026-08-24T13:23:52.391+10:00,0.641000,80,1,moving_to_max,30.000000,14.598540,2.17454720,4.468694,3.672775,7.389113e-06,-1.721e-06,0.227887600,227.887600,167.375614,2.234814,1.067076,0.784556,2.89514661,5.949526,0
2026-08-24T13:23:52.407+10:00,0.656000,81,1,moving_to_max,30.000000,14.598540,2.22008681,4.562278,3.741896,1.2830831e-05,-1.721e-06,0.364011054,364.011054,179.223611,3.569729,1.704159,0.840020,2.36830020,4.866857,0
2026-08-24T13:23:52.421+10:00,0.672000,82,1,moving_to_max,30.000000,14.598540,2.25073099,4.625252,3.811721,6.023794e-06,-1.721e-06,0.193734426,193.734426,184.428902,1.899886,0.906876,0.864368,2.41665602,4.966228,0
2026-08-24T13:23:52.442+10:00,0.688000,83,1,moving_to_max,30.000000,14.598540,2.29672194,4.719764,3.879715,7.377006e-06,-1.721e-06,0.227584745,227.584745,190.726815,2.231844,1.065124,0.893825,1.87676883,3.856760,0
2026-08-24T13:23:52.454+10:00,0.703000,84,1,moving_to_max,30.000000,14.598540,2.32408571,4.775996,3.942519,5.764887e-06,-1.721e-06,0.187257921,187.257921,190.050430,1.836373,0.876286,0.890564,1.70498478,3.503744,0
2026-08-24T13:23:52.478+10:00,0.719000,85,1,moving_to_max,30.000000,14.598540,2.35683250,4.843291,4.004217,6.143935e-06,-1.721e-06,0.196739728,196.739728,190.188657,1.929358,0.920525,0.891122,1.28928673,2.649484,0
2026-08-24T13:23:52.499+10:00,0.750000,86,1,moving_to_max,30.000000,14.598540,2.38311553,4.897302,4.066812,8.952804e-06,-1.721e-06,0.267003008,267.003008,192.668994,2.618405,1.249133,0.902634,1.20823526,2.482923,0
2026-08-24T13:23:52.502+10:00,0.750000,87,1,moving_to_max,30.000000,14.598540,2.38813186,4.907611,4.128700,8.952804e-06,-1.721e-06,0.267003008,267.003008,196.736623,2.618405,1.249105,0.921594,1.17673969,2.418200,0
2026-08-24T13:23:52.507+10:00,0.750000,88,1,moving_to_max,30.000000,14.598540,2.39222193,4.916016,4.189893,1.0918826e-05,-1.721e-06,0.316182643,316.182643,202.443573,3.100693,1.479152,0.948223,1.05885255,2.175942,0
2026-08-24T13:23:52.511+10:00,0.750000,89,1,moving_to_max,30.000000,14.598540,2.39526629,4.922272,4.248028,1.0918826e-05,-1.721e-06,0.316182643,316.182643,209.565418,3.100693,1.479132,0.981493,0.96042472,1.973673,0
2026-08-24T13:23:52.513+10:00,0.766000,90,1,moving_to_max,30.000000,14.598540,2.39803028,4.927952,4.304528,1.0918826e-05,-1.721e-06,0.316182643,316.182643,215.726656,3.100693,1.479113,1.010257,0.90900820,1.868012,0
2026-08-24T13:23:52.515+10:00,0.766000,91,1,moving_to_min,30.000000,14.598540,2.40054584,4.933122,4.350496,6.071292e-06,-1.721e-06,0.194922579,194.922579,217.832690,1.911538,0.911844,1.020058,0.76619351,1.574528,0
2026-08-24T13:23:52.532+10:00,0.781000,92,1,moving_to_min,30.000000,14.598540,2.41305900,4.958836,4.396318,8.331612e-06,-1.721e-06,0.251464018,251.464018,221.823440,2.466020,1.176277,1.038674,0.71240020,1.463982,0
2026-08-24T13:23:52.536+10:00,0.781000,93,1,moving_to_min,30.000000,14.598540,2.41530228,4.963446,4.441250,8.331612e-06,-1.721e-06,0.251464018,251.464018,221.814121,2.466020,1.176264,1.038534,0.68172801,1.400951,0
2026-08-24T13:23:52.539+10:00,0.781000,94,1,moving_to_min,30.000000,14.598540,2.41775656,4.968490,4.485427,8.556992e-06,-1.721e-06,0.257101852,257.101852,221.992730,2.521308,1.202623,1.039275,0.62253857,1.279317,0
2026-08-24T13:23:52.554+10:00,0.797000,95,1,moving_to_min,30.000000,14.598540,2.42692995,4.987341,4.526629,4.636124e-06,-1.721e-06,0.159022147,159.022147,223.508578,1.559475,0.743813,1.046324,0.30255595,0.621752,0
2026-08-24T13:23:52.562+10:00,0.813000,96,1,moving_to_min,30.000000,14.598540,2.42774415,4.989014,4.564980,6.989576e-06,-1.721e-06,0.217893264,217.893264,226.184609,2.136803,1.019173,1.058794,0.26821807,0.551188,0
2026-08-24T13:23:52.565+10:00,0.813000,97,1,moving_to_min,30.000000,14.598540,2.42835927,4.990278,4.602239,9.191222e-06,-1.721e-06,0.272966985,272.966985,230.696431,2.676892,1.276771,1.079852,0.22872628,0.470033,0
2026-08-24T13:23:52.568+10:00,0.813000,98,1,moving_to_min,30.000000,14.598540,2.42884851,4.991284,4.638647,9.191222e-06,-1.721e-06,0.272966985,272.966985,231.497841,2.676892,1.276768,1.083519,0.17979459,0.369478,0
2026-08-24T13:23:52.572+10:00,0.813000,99,1,moving_to_min,30.000000,14.598540,2.42929745,4.992206,4.674417,6.269664e-06,-1.721e-06,0.199884813,199.884813,229.863180,1.960200,0.934934,1.075794,0.12319067,0.253157,0
2026-08-24T13:23:52.577+10:00,0.828000,100,1,moving_to_min,30.000000,14.598540,2.42970133,4.993036,4.703115,6.269664e-06,-1.721e-06,0.199884813,199.884813,231.101795,1.960200,0.934932,1.081544,0.03987083,0.081935,0
2026-08-24T13:23:52.592+10:00,0.844000,101,1,moving_to_min,30.000000,14.598540,2.42973995,4.993116,4.731161,8.113682e-06,-1.721e-06,0.246012544,246.012544,234.251528,2.412559,1.150688,1.096237,-0.01355915,-0.027864,0
2026-08-24T13:23:52.603+10:00,0.844000,102,1,moving_to_min,30.000000,14.598540,2.42968082,4.992994,4.758671,5.478039e-06,-1.721e-06,0.180082477,180.082477,235.203592,1.766006,0.842310,1.100651,-0.02148843,-0.044159,0
2026-08-24T13:23:52.607+10:00,0.859000,103,1,moving_to_min,30.000000,14.598540,2.42954326,4.992711,4.785605,5.478039e-06,-1.721e-06,0.180082477,180.082477,236.155656,1.766006,0.842310,1.105066,-0.06239026,-0.128212,0
2026-08-24T13:23:52.609+10:00,0.859000,104,1,moving_to_min,30.000000,14.598540,2.42923164,4.992071,4.812025,5.478039e-06,-1.721e-06,0.180082477,180.082477,230.514713,1.766006,0.842311,1.078595,-0.12309014,-0.252950,0
2026-08-24T13:23:52.612+10:00,0.859000,105,1,moving_to_min,30.000000,14.598540,2.42863941,4.990854,4.833945,5.731359e-06,-1.721e-06,0.186419225,186.419225,228.233176,1.828148,0.871953,1.067870,-0.16111232,-0.331086,0
2026-08-24T13:23:52.616+10:00,0.859000,106,1,moving_to_min,30.000000,14.598540,2.42817378,4.989897,4.853386,5.731359e-06,-1.721e-06,0.186419225,186.419225,229.012843,1.828148,0.871955,1.071486,-0.18470831,-0.379576,0
2026-08-24T13:23:52.625+10:00,0.875000,107,1,moving_to_min,30.000000,14.598540,2.42537022,4.984136,4.872041,6.860122e-06,-1.721e-06,0.214654999,214.654999,230.733704,2.105046,1.004038,1.079506,-0.38554457,-0.792294,0
2026-08-24T13:23:52.629+10:00,0.875000,108,1,moving_to_min,30.000000,14.598540,2.42354226,4.980379,4.890134,8.604489e-06,-1.721e-06,0.258289980,258.289980,233.909063,2.532959,1.208148,1.094330,-0.46784756,-0.961427,0
2026-08-24T13:23:52.632+10:00,0.875000,109,1,moving_to_min,30.000000,14.598540,2.42213130,4.977480,4.907571,8.604489e-06,-1.721e-06,0.258289980,258.289980,234.922476,2.532959,1.208156,1.099032,-0.50657570,-1.041013,0
2026-08-24T13:23:52.641+10:00,0.891000,110,1,moving_to_min,30.000000,14.598540,2.41613555,4.965159,4.924120,8.523464e-06,-1.721e-06,0.256263156,256.263156,235.868328,2.513083,1.198709,1.103419,-0.71779621,-1.475071,0
2026-08-24T13:23:52.644+10:00,0.891000,111,1,moving_to_min,30.000000,14.598540,2.41400290,4.960776,4.937403,8.650124e-06,-1.721e-06,0.259431530,259.431530,232.382344,2.544154,1.213541,1.087065,-1.08750594,-2.234825,0
2026-08-24T13:23:52.657+10:00,0.906000,112,1,moving_to_min,30.000000,14.598540,2.40019822,4.932407,4.947641,8.742325e-06,-1.721e-06,0.261737919,261.737919,234.649127,2.566772,1.224407,1.097650,-1.23302937,-2.533875,0
2026-08-24T13:23:52.661+10:00,0.906000,113,1,moving_to_min,30.000000,14.598540,2.39631534,4.924428,4.954463,9.850599e-06,-1.721e-06,0.289461165,289.461165,236.711674,2.838644,1.354120,1.107283,-1.29856849,-2.668558,0
2026-08-24T13:23:52.672+10:00,0.922000,114,1,moving_to_min,30.000000,14.598540,2.38156676,4.894120,4.958401,1.0109507e-05,-1.721e-06,0.295937695,295.937695,240.334333,2.902157,1.384509,1.124224,-1.31495440,-2.702231,0
2026-08-24T13:23:52.674+10:00,0.922000,115,1,moving_to_min,30.000000,14.598540,2.37779164,4.886362,4.959837,1.0109507e-05,-1.721e-06,0.295937695,295.937695,243.640932,2.902157,1.384533,1.139691,-1.45193362,-2.983724,0
2026-08-24T13:23:52.691+10:00,0.938000,116,1,moving_to_min,30.000000,14.598540,2.35126543,4.831850,4.957655,6.388873e-06,-1.721e-06,0.202866802,202.866802,241.503059,1.989444,0.949216,1.129694,-1.54815948,-3.181468,0
2026-08-24T13:23:52.704+10:00,0.953000,117,1,moving_to_min,30.000000,14.598540,2.32837343,4.784807,4.953561,1.2401491e-05,-1.721e-06,0.353271202,353.271202,244.378665,3.464407,1.653126,1.143161,-1.93589938,-3.978273,0
2026-08-24T13:23:52.714+10:00,0.953000,118,1,moving_to_min,30.000000,14.598540,2.31077480,4.748642,4.947982,7.884577e-06,-1.721e-06,0.240281529,240.281529,241.848628,2.356357,1.124479,1.131338,-1.95064986,-4.008585,0
2026-08-24T13:23:52.717+10:00,0.969000,119,1,moving_to_min,30.000000,14.598540,2.30502248,4.736821,4.941801,8.487143e-06,-1.721e-06,0.255354594,255.354594,239.821026,2.504173,1.195048,1.121869,-2.02208304,-4.155381,0
2026-08-24T13:23:52.719+10:00,0.969000,120,1,moving_to_min,30.000000,14.598540,2.29775667,4.721890,4.934932,8.487143e-06,-1.721e-06,0.255354594,255.354594,237.793425,2.504173,1.195085,1.112401,-2.20719504,-4.535786,0
2026-08-24T13:23:52.722+10:00,0.969000,121,1,moving_to_min,30.000000,14.598540,2.29175758,4.709562,4.927480,8.487143e-06,-1.721e-06,0.255354594,255.354594,239.807825,2.504173,1.195116,1.121844,-2.24579477,-4.615108,0
2026-08-24T13:23:52.736+10:00,0.984000,122,1,moving_to_min,30.000000,14.598540,2.25706387,4.638266,4.916794,8.805655e-06,-1.721e-06,0.263322106,263.322106,240.203095,2.582308,1.232585,1.123721,-2.41597247,-4.964823,0
2026-08-24T13:23:52.744+10:00,0.984000,123,1,moving_to_min,30.000000,14.598540,2.24255157,4.608443,4.904961,1.3898127e-05,-1.721e-06,0.390709244,390.709244,244.844602,3.831549,1.828982,1.145478,-2.34389400,-4.816702,0
2026-08-24T13:23:52.757+10:00,1.000000,124,1,moving_to_min,30.000000,14.598540,2.20810032,4.537646,4.890599,7.949769e-06,-1.721e-06,0.241912294,241.912294,244.338284,2.372349,1.132595,1.143144,-2.62709332,-5.398677,0
2026-08-24T13:23:52.766+10:00,1.016000,125,1,moving_to_min,30.000000,14.598540,2.18306637,4.486201,4.873895,8.382834e-06,-1.721e-06,0.252745326,252.745326,247.462390,2.478585,1.183432,1.157798,-2.83234835,-5.820476,0
2026-08-24T13:23:52.776+10:00,1.016000,126,1,moving_to_min,30.000000,14.598540,2.15731359,4.433279,4.855370,1.5745871e-05,-1.721e-06,0.436930179,436.930179,254.763620,4.284821,2.046050,1.192027,-2.89593196,-5.951140,0
2026-08-24T13:23:52.779+10:00,1.031000,127,1,moving_to_min,30.000000,14.598540,2.14891624,4.416023,4.836228,1.5745871e-05,-1.721e-06,0.436930179,436.930179,260.229060,4.284821,2.046117,1.217672,-3.06667018,-6.302007,0
2026-08-24T13:23:52.781+10:00,1.031000,128,1,moving_to_min,30.000000,14.598540,2.14096928,4.399692,4.816509,6.658956e-06,-1.721e-06,0.209622873,209.622873,258.117589,2.055698,0.981681,1.207836,-3.16062975,-6.495094,0
2026-08-24T13:23:52.787+10:00,1.031000,129,1,moving_to_min,30.000000,14.598540,2.12410808,4.365042,4.795603,6.658956e-06,-1.721e-06,0.209622873,209.622873,258.442191,2.055698,0.981745,1.209396,-2.88941932,-5.937757,0
2026-08-24T13:23:52.808+10:00,1.047000,130,1,moving_to_min,30.000000,14.598540,2.05370736,4.220369,4.769847,6.390736e-06,-1.721e-06,0.202913405,202.913405,258.543144,1.989901,0.950571,1.209917,-3.12981296,-6.431766,0
2026-08-24T13:23:52.812+10:00,1.063000,131,1,moving_to_min,30.000000,14.598540,2.04198194,4.196273,4.743286,7.845461e-06,-1.721e-06,0.239303051,239.303051,258.319495,2.346761,1.121090,1.208931,-3.25403690,-6.687046,0
2026-08-24T13:23:52.814+10:00,1.063000,132,1,moving_to_min,30.000000,14.598540,2.03236318,4.176506,4.716070,7.845461e-06,-1.721e-06,0.239303051,239.303051,260.293514,2.346761,1.121129,1.218225,-3.52173710,-7.237170,0
2026-08-24T13:23:52.821+10:00,1.063000,133,1,moving_to_min,30.000000,14.598540,2.00886655,4.128221,4.687253,1.337193e-05,-1.721e-06,0.377546534,377.546534,266.875649,3.702467,1.768944,1.249112,-3.42476845,-7.037899,0
2026-08-24T13:23:52.836+10:00,1.078000,134,1,moving_to_min,30.000000,14.598540,1.95079470,4.008883,4.654481,1.2149103e-05,-1.721e-06,0.346957769,346.957769,272.438159,3.402493,1.625951,1.275234,-4.02973509,-8.281106,0
2026-08-24T13:23:52.841+10:00,1.094000,135,1,moving_to_min,30.000000,14.598540,1.93618751,3.978865,4.620748,1.2149103e-05,-1.721e-06,0.346957769,346.957769,277.789444,3.402493,1.626031,1.300370,-3.97013021,-8.158618,0
2026-08-24T13:23:52.845+10:00,1.094000,136,1,moving_to_min,30.000000,14.598540,1.91745961,3.940379,4.585764,8.441508e-06,-1.721e-06,0.254213044,254.213044,280.049238,2.492978,1.191453,1.311020,-4.32530689,-8.888506,0
2026-08-24T13:23:52.869+10:00,1.109000,137,1,moving_to_min,30.000000,14.598540,1.82259250,3.745428,4.544473,5.45755e-06,-1.721e-06,0.179569949,179.569949,278.879736,1.760980,0.841869,1.305614,-4.40886497,-9.060218,0
2026-08-24T13:23:52.873+10:00,1.125000,138,1,moving_to_min,30.000000,14.598540,1.80833483,3.716128,4.502332,5.45755e-06,-1.721e-06,0.179569949,179.569949,276.255735,1.760980,0.841905,1.293406,-4.43325138,-9.110332,0
2026-08-24T13:23:52.876+10:00,1.125000,139,1,moving_to_min,30.000000,14.598540,1.79395151,3.686570,4.459301,1.129508e-05,-1.721e-06,0.325594559,325.594559,278.499221,3.192992,1.526602,1.304021,-4.24606276,-8.725659,0
2026-08-24T13:23:52.879+10:00,1.125000,140,1,moving_to_min,30.000000,14.598540,1.78355956,3.665215,4.415970,1.129508e-05,-1.721e-06,0.325594559,325.594559,280.810268,3.192992,1.526649,1.314952,-4.19992781,-8.630852,0
2026-08-24T13:23:52.886+10:00,1.125000,141,1,moving_to_min,30.000000,14.598540,1.74766469,3.591451,4.370326,4.769303e-06,-1.721e-06,0.162353592,162.353592,277.574336,1.592145,0.761325,1.299878,-4.50045347,-9.248432,0
2026-08-24T13:23:52.895+10:00,1.141000,142,1,moving_to_min,30.000000,14.598540,1.70481920,3.503403,4.322692,9.077601e-06,-1.721e-06,0.270124779,270.124779,277.853898,2.649019,1.266851,1.301293,-4.79519558,-9.854127,0
2026-08-24T13:23:52.904+10:00,1.156000,143,1,moving_to_min,30.000000,14.598540,1.66627383,3.424193,4.272684,1.0614283e-05,-1.721e-06,0.308564563,308.564563,278.490678,3.025985,1.447283,1.304398,-4.51318979,-9.274605,0
2026-08-24T13:23:52.911+10:00,1.156000,144,1,moving_to_min,30.000000,14.598540,1.62365818,3.336618,4.220768,6.89365e-06,-1.721e-06,0.215493695,215.493695,275.809212,2.113271,1.010861,1.291943,-4.65260410,-9.561101,0
2026-08-24T13:23:52.940+10:00,1.188000,145,1,moving_to_min,30.000000,14.598540,1.48734426,3.056492,4.159772,7.159077e-06,-1.721e-06,0.222133296,222.133296,273.349065,2.178383,1.042359,1.280538,-4.93655396,-10.144618,0
2026-08-24T13:23:52.944+10:00,1.188000,146,1,moving_to_min,30.000000,14.598540,1.47075653,3.022405,4.099457,7.159077e-06,-1.721e-06,0.222133296,222.133296,273.991281,2.178383,1.042399,1.283644,-4.97154903,-10.216533,0
2026-08-24T13:23:52.947+10:00,1.188000,147,1,moving_to_min,30.000000,14.598540,1.44941878,2.978556,4.039249,5.664304e-06,-1.721e-06,0.184741858,184.741858,268.373637,1.811699,0.866975,1.257439,-5.66298008,-11.637424,0
2026-08-24T13:23:52.950+10:00,1.203000,148,1,moving_to_min,30.000000,14.598540,1.43348455,2.945811,3.979154,5.664304e-06,-1.721e-06,0.184741858,184.741858,266.522314,1.811699,0.867006,1.248856,-5.64604521,-11.602623,0
2026-08-24T13:23:52.954+10:00,1.203000,149,1,moving_to_min,30.000000,14.598540,1.41270769,2.903114,3.918031,5.664304e-06,-1.721e-06,0.184741858,184.741858,264.168556,1.811699,0.867046,1.237923,-5.03109407,-10.338898,0
2026-08-24T13:23:52.957+10:00,1.203000,150,1,moving_to_min,30.000000,14.598540,1.39839005,2.873692,3.856424,1.1234544e-05,-1.721e-06,0.324080264,324.080264,266.459412,3.178142,1.521047,1.248788,-5.18560076,-10.656410,0
2026-08-24T13:23:52.967+10:00,1.219000,151,1,moving_to_min,30.000000,14.598540,1.09534872,2.250942,3.774470,6.823801e-06,-1.721e-06,0.213746436,213.746436,265.072473,2.096136,1.003763,1.242410,-6.14653921,-12.631138,0
2026-08-24T13:23:53.019+10:00,1.266000,152,1,moving_to_min,30.000000,14.598540,1.02352858,2.103351,3.689973,6.118789e-06,-1.721e-06,0.196110706,196.110706,262.832094,1.923189,0.921042,1.232025,-6.30304861,-12.952765,0
2026-08-24T13:23:53.021+10:00,1.266000,153,1,moving_to_min,30.000000,14.598540,1.00525773,2.065805,3.605218,6.118789e-06,-1.721e-06,0.196110706,196.110706,256.345476,1.923189,0.921066,1.201761,-6.76097775,-13.893809,0
2026-08-24T13:23:53.025+10:00,1.266000,154,1,moving_to_min,30.000000,14.598540,0.98485082,2.023868,3.521426,6.118789e-06,-1.721e-06,0.196110706,196.110706,254.818756,1.923189,0.921091,1.194711,-6.56086159,-13.482571,0
2026-08-24T13:23:53.027+10:00,1.266000,155,1,moving_to_min,30.000000,14.598540,0.96595347,1.985034,3.438054,3.03518e-06,-1.721e-06,0.118974863,118.974863,250.359741,1.166745,0.558814,1.173890,-6.35114145,-13.051596,0
2026-08-24T13:23:53.032+10:00,1.281000,156,1,moving_to_min,30.000000,14.598540,0.90014321,1.849794,3.351937,3.03518e-06,-1.721e-06,0.118974863,118.974863,239.761230,1.166745,0.558860,1.124317,-6.58171511,-13.525425,0
2026-08-24T13:23:53.047+10:00,1.297000,157,1,moving_to_min,30.000000,14.598540,0.83785045,1.721783,3.262129,7.178634e-06,-1.721e-06,0.222622511,222.622511,232.617641,2.183181,1.045798,1.090974,-6.65655565,-13.679222,0
2026-08-24T13:23:53.050+10:00,1.297000,158,1,moving_to_min,30.000000,14.598540,0.81099331,1.666591,3.171026,6.712973e-06,-1.721e-06,0.210974097,210.974097,232.662682,2.068949,0.991106,1.091288,-7.02504015,-14.436458,0
2026-08-24T13:23:53.054+10:00,1.297000,159,1,moving_to_min,30.000000,14.598540,0.78425223,1.611638,3.079246,6.712973e-06,-1.721e-06,0.210974097,210.974097,232.707723,2.068949,0.991133,1.091601,-6.82607174,-14.027577,0
2026-08-24T13:23:53.057+10:00,1.297000,160,1,moving_to_min,30.000000,14.598540,0.76269770,1.567344,2.990812,6.712973e-06,-1.721e-06,0.210974097,210.974097,232.976412,2.068949,0.991154,1.092953,-7.09057474,-14.571131,0
2026-08-24T13:23:53.062+10:00,1.313000,161,1,moving_to_min,30.000000,14.598540,0.73222506,1.504722,2.901093,5.031005e-06,-1.721e-06,0.168900014,168.900014,230.629645,1.656343,0.793513,1.082034,-7.30079412,-15.003132,0
2026-08-24T13:23:53.071+10:00,1.313000,162,1,moving_to_min,30.000000,14.598540,0.66741920,1.371546,2.807595,3.562309e-06,-1.721e-06,0.132160886,132.160886,227.058239,1.296056,0.620942,1.065361,-6.99225140,-14.369077,0
2026-08-24T13:23:53.073+10:00,1.313000,163,1,moving_to_min,30.000000,14.598540,0.64958310,1.334893,2.714484,3.562309e-06,-1.721e-06,0.132160886,132.160886,218.878717,1.296056,0.620951,1.027095,-6.99331713,-14.371267,0
2026-08-24T13:23:53.077+10:00,1.328000,164,1,moving_to_min,30.000000,14.598540,0.62924850,1.293106,2.623958,5.103648e-06,-1.721e-06,0.170717163,170.717163,213.004031,1.674163,0.802117,0.999634,-7.47728539,-15.365821,0
2026-08-24T13:23:53.080+10:00,1.328000,165,1,moving_to_min,30.000000,14.598540,0.60781115,1.249052,2.532964,5.103648e-06,-1.721e-06,0.170717163,170.717163,207.129344,1.674163,0.802130,0.972170,-7.24994135,-14.898629,0
2026-08-24T13:23:53.085+10:00,1.328000,166,1,moving_to_min,30.000000,14.598540,0.56851012,1.168288,2.440561,4.035421e-06,-1.721e-06,0.143995685,143.995685,203.455432,1.412115,0.676594,0.955008,-7.46940231,-15.349622,0
2026-08-24T13:23:53.097+10:00,1.344000,167,1,moving_to_min,30.000000,14.598540,0.43428168,0.892449,2.345462,3.361143e-06,-1.721e-06,0.127128760,127.128760,201.707392,1.246707,0.597384,0.946859,-7.76560450,-15.958317,0
2026-08-24T13:23:53.108+10:00,1.359000,168,1,moving_to_min,30.000000,14.598540,0.39682186,0.815469,2.248773,3.222376e-06,-1.721e-06,0.123657532,123.657532,199.843645,1.212666,0.581081,0.938165,-7.44056368,-15.290358,0
2026-08-24T13:23:53.111+10:00,1.359000,169,1,moving_to_min,30.000000,14.598540,0.37032533,0.761019,2.151255,3.222376e-06,-1.721e-06,0.123657532,123.657532,193.112411,1.212666,0.581087,0.906648,-7.84625244,-16.124049,0
2026-08-24T13:23:53.117+10:00,1.359000,170,1,moving_to_min,30.000000,14.598540,0.31920055,0.655957,2.050946,4.529953e-06,-1.721e-06,0.156366301,156.366301,187.471469,1.533430,0.734802,0.880253,-8.15635109,-16.761301,0
2026-08-24T13:23:53.131+10:00,1.375000,171,1,moving_to_min,30.000000,14.598540,0.21764116,0.447253,1.946140,5.141832e-06,-1.721e-06,0.171672328,171.672328,187.782093,1.683530,0.806744,0.881767,-7.94903326,-16.335263,0
2026-08-24T13:23:53.138+10:00,1.391000,172,1,moving_to_min,30.000000,14.598540,0.15634489,0.321289,1.840069,3.684312e-06,-1.721e-06,0.135212766,135.212766,183.285026,1.325984,0.635411,0.860719,-8.07818794,-16.600676,0
2026-08-24T13:23:53.144+10:00,1.391000,173,1,moving_to_min,30.000000,14.598540,0.10403550,0.213793,1.733056,4.515983e-06,-1.721e-06,0.156016845,156.016845,178.200102,1.530003,0.733177,0.836915,-8.20003223,-16.851066,0
2026-08-24T13:23:53.155+10:00,1.406000,174,1,moving_to_min,30.000000,14.598540,0.00552648,0.011357,1.622214,2.367422e-06,-1.721e-06,0.102271034,102.271034,174.426014,1.002936,0.480602,0.819240,-8.64204121,-17.759395,0
2026-08-24T13:23:53.161+10:00,1.406000,175,1,moving_to_min,30.000000,14.598540,-0.04218775,-0.086696,1.517441,2.367422e-06,-1.721e-06,0.102271034,102.271034,170.430605,1.002936,0.480598,0.800514,-8.40505600,-17.272390,0
2026-08-24T13:23:53.170+10:00,1.422000,176,1,moving_to_min,30.000000,14.598540,-0.10709989,-0.220090,1.409358,3.333203e-06,-1.721e-06,0.126429847,126.429847,167.240490,1.239853,0.594116,0.785572,-8.29777622,-17.051930,0
2026-08-24T13:23:53.174+10:00,1.422000,177,1,moving_to_min,30.000000,14.598540,-0.14913553,-0.306474,1.299857,3.976747e-06,-1.721e-06,0.142527967,142.527967,165.833360,1.397722,0.669755,0.778998,-8.16796875,-16.785176,0
2026-08-24T13:23:53.185+10:00,1.438000,178,1,moving_to_min,30.000000,14.598540,-0.23084092,-0.474378,1.185850,1.39419e-06,-1.721e-06,0.077925836,77.925836,162.272826,0.764191,0.366170,0.762303,-8.20893288,-16.869357,0
2026-08-24T13:23:53.196+10:00,1.438000,179,1,moving_to_min,30.000000,14.598540,-0.31803265,-0.653557,1.067295,-2.298504e-06,-1.721e-06,-0.014446144,-14.446144,155.633226,-0.141668,-0.067879,0.731139,-7.96356535,-16.365127,0
2026-08-24T13:23:53.202+10:00,1.453000,180,1,moving_to_min,30.000000,14.598540,-0.36994439,-0.760236,0.946164,-2.298504e-06,-1.721e-06,-0.014446144,-14.446144,144.349012,-0.141668,-0.067877,0.678175,-7.93074274,-16.297676,0
2026-08-24T13:23:53.206+10:00,1.453000,181,1,moving_to_min,30.000000,14.598540,-0.40714142,-0.836676,0.843243,-3.327616e-06,-1.721e-06,-0.040189168,-40.189168,135.884492,-0.394121,-0.188829,0.638422,-7.27752542,-14.955315,0
2026-08-24T13:23:53.227+10:00,1.469000,182,1,moving_to_min,30.000000,14.598540,-0.55709767,-1.144836,0.734970,-1.116656e-06,-1.721e-06,0.015117541,15.117541,129.851387,0.148252,0.071022,0.610088,-7.52957106,-15.473269,0
2026-08-24T13:23:53.231+10:00,1.484000,183,1,moving_to_min,30.000000,14.598540,-0.58502054,-1.202217,0.626036,-1.116656e-06,-1.721e-06,0.015117541,15.117541,123.818281,0.148252,0.071020,0.581753,-7.20150614,-14.799095,0
2026-08-24T13:23:53.233+10:00,1.484000,184,1,moving_to_min,30.000000,14.598540,-0.60325664,-1.239692,0.517251,-1.116656e-06,-1.721e-06,0.015117541,15.117541,117.785176,0.148252,0.071019,0.553417,-7.15816784,-14.710035,0
2026-08-24T13:23:53.237+10:00,1.484000,185,1,moving_to_min,30.000000,14.598540,-0.63147730,-1.297686,0.407827,-1.286156e-06,-1.721e-06,0.010877533,10.877533,114.181931,0.106672,0.051099,0.536493,-7.41936970,-15.246805,0
2026-08-24T13:23:53.249+10:00,1.500000,186,1,moving_to_min,30.000000,14.598540,-0.72126442,-1.482198,0.296760,-5.72763e-07,-1.721e-06,0.028722912,28.722912,111.173533,0.281676,0.134921,0.522362,-6.93961954,-14.260918,0
2026-08-24T13:23:53.254+10:00,1.500000,187,1,moving_to_min,30.000000,14.598540,-0.74777389,-1.536675,0.188145,-1.530163e-06,-1.721e-06,0.004773748,4.773748,103.911908,0.046814,0.022423,0.488250,-7.17669630,-14.748111,0
2026-08-24T13:23:53.262+10:00,1.516000,188,1,moving_to_min,30.000000,14.598540,-0.80457336,-1.653398,0.077479,-2.291054e-06,-1.721e-06,-0.014259783,-14.259783,96.404112,-0.139841,-0.066977,0.452980,-7.21677732,-14.830477,0
2026-08-24T13:23:53.267+10:00,1.516000,189,1,moving_to_min,30.000000,14.598540,-0.84179932,-1.729898,-0.033906,-2.291054e-06,-1.721e-06,-0.014259783,-14.259783,88.896316,-0.139841,-0.066975,0.417710,-6.60656500,-13.576491,0
2026-08-24T13:23:53.286+10:00,1.531000,190,1,moving_to_min,30.000000,14.598540,-0.96941417,-1.992146,-0.152555,-3.917143e-06,-1.721e-06,-0.054936065,-54.936065,80.032644,-0.538739,-0.257984,0.376072,-6.45495987,-13.264943,0
2026-08-24T13:23:53.290+10:00,1.531000,191,1,moving_to_min,30.000000,14.598540,-0.99229765,-2.039172,-0.270685,-3.917143e-06,-1.721e-06,-0.054936065,-54.936065,72.571441,-0.538739,-0.257977,0.341022,-6.72961092,-13.829350,0
2026-08-24T13:23:53.299+10:00,1.547000,192,1,moving_to_min,30.000000,14.598540,-1.05291879,-2.163748,-0.388528,-2.465211e-06,-1.721e-06,-0.018616285,-18.616285,67.545535,-0.182563,-0.087415,0.317410,-6.56296444,-13.486892,0
2026-08-24T13:23:53.303+10:00,1.547000,193,1,moving_to_min,30.000000,14.598540,-1.07683682,-2.212900,-0.506788,-2.465211e-06,-1.721e-06,-0.018616285,-18.616285,62.519630,-0.182563,-0.087412,0.293798,-6.41420555,-13.181192,0
2026-08-24T13:23:53.314+10:00,1.563000,194,1,moving_to_min,30.000000,14.598540,-1.14565444,-2.354320,-0.628369,-2.817251e-06,-1.721e-06,-0.027422493,-27.422493,55.914974,-0.268923,-0.128750,0.262769,-6.07538986,-12.484926,0
2026-08-24T13:23:53.317+10:00,1.563000,195,1,moving_to_min,30.000000,14.598540,-1.16938305,-2.403082,-0.750107,-3.910623e-06,-1.721e-06,-0.054772968,-54.772968,48.398637,-0.537139,-0.257154,0.227460,-6.03944921,-12.411068,0
2026-08-24T13:23:53.328+10:00,1.578000,196,1,moving_to_min,30.000000,14.598540,-1.23551023,-2.538974,-0.873682,-2.953224e-06,-1.721e-06,-0.030823829,-30.823829,42.571320,-0.302279,-0.144702,0.200083,-6.06743956,-12.468588,0
2026-08-24T13:23:53.336+10:00,1.578000,197,1,moving_to_min,30.000000,14.598540,-1.28735995,-2.645525,-0.991615,-4.700385e-06,-1.721e-06,-0.074528702,-74.528702,35.849404,-0.730877,-0.349850,0.168509,-5.42349625,-11.145285,0
2026-08-24T13:23:53.353+10:00,1.594000,198,1,moving_to_min,30.000000,14.598540,-1.37216949,-2.819808,-1.112790,-5.557202e-06,-1.721e-06,-0.095961803,-95.961803,28.528760,-0.941064,-0.450406,0.134126,-5.80764151,-11.934703,0
2026-08-24T13:23:53.356+10:00,1.594000,199,1,moving_to_min,30.000000,14.598540,-1.38946354,-2.855348,-1.233336,-4.331581e-06,-1.721e-06,-0.065303146,-65.303146,22.230070,-0.640405,-0.306499,0.104540,-5.41565037,-11.129162,0
2026-08-24T13:23:53.361+10:00,1.609000,200,1,moving_to_min,30.000000,14.598540,-1.41641939,-2.910742,-1.352226,-4.331581e-06,-1.721e-06,-0.065303146,-65.303146,14.841089,-0.640405,-0.306487,0.069830,-5.36559772,-11.026303,0
2026-08-24T13:23:53.365+10:00,1.609000,201,1,moving_to_min,30.000000,14.598540,-1.44018102,-2.959572,-1.465787,-4.765578e-06,-1.721e-06,-0.076159491,-76.159491,6.580028,-0.746869,-0.357426,0.031024,-5.48575592,-11.273228,0
2026-08-24T13:23:53.377+10:00,1.625000,202,1,moving_to_min,30.000000,14.598540,-1.51225698,-3.107688,-1.580086,-2.693385e-06,-1.721e-06,-0.024324010,-24.324010,1.262136,-0.238537,-0.114143,0.006039,-5.06360483,-10.405708,0
2026-08-24T13:23:53.389+10:00,1.641000,203,1,moving_to_min,30.000000,14.598540,-1.56363535,-3.213271,-1.694321,-7.045455e-06,-1.721e-06,-0.133190145,-133.190145,-8.378097,-1.306149,-0.624961,-0.039232,-5.13701916,-10.556574,0
2026-08-24T13:23:53.392+10:00,1.641000,204,1,moving_to_min,30.000000,14.598540,-1.57861435,-3.244052,-1.802835,-7.045455e-06,-1.721e-06,-0.133190145,-133.190145,-16.226803,-1.306149,-0.624946,-0.076084,-4.68867207,-9.635221,0
2026-08-24T13:23:53.395+10:00,1.641000,205,1,moving_to_min,30.000000,14.598540,-1.59224916,-3.272072,-1.909014,-4.074536e-06,-1.721e-06,-0.058873218,-58.873218,-21.598278,-0.577349,-0.276235,-0.101311,-4.66883898,-9.594464,0
2026-08-24T13:23:53.407+10:00,1.656000,206,1,moving_to_min,30.000000,14.598540,-1.65399730,-3.398964,-2.014977,-3.628433e-06,-1.721e-06,-0.047714043,-47.714043,-27.403075,-0.467915,-0.223854,-0.128577,-4.94545603,-10.162912,0
2026-08-24T13:23:53.420+10:00,1.672000,207,1,moving_to_min,30.000000,14.598540,-1.70812893,-3.510205,-2.121768,-3.566965e-06,-1.721e-06,-0.046176434,-46.176434,-33.693221,-0.452836,-0.216621,-0.158123,-4.48335457,-9.213294,0
2026-08-24T13:23:53.422+10:00,1.672000,208,1,moving_to_min,30.000000,14.598540,-1.72040641,-3.535435,-2.223803,-3.566965e-06,-1.721e-06,-0.046176434,-46.176434,-37.829964,-0.452836,-0.216617,-0.177549,-4.52757883,-9.304174,0
2026-08-24T13:23:53.427+10:00,1.672000,209,1,moving_to_min,30.000000,14.598540,-1.74015152,-3.576011,-2.321218,-3.566965e-06,-1.721e-06,-0.046176434,-46.176434,-38.887640,-0.452836,-0.216610,-0.182507,-4.63727617,-9.529603,0
2026-08-24T13:23:53.442+10:00,1.688000,210,1,moving_to_min,30.000000,14.598540,-1.80829191,-3.716040,-2.419745,-6.900169e-06,-1.721e-06,-0.129555845,-129.555845,-42.724630,-1.270509,-0.607666,-0.200500,-4.03614664,-8.294281,0
2026-08-24T13:23:53.453+10:00,1.703000,211,1,moving_to_min,30.000000,14.598540,-1.85415173,-3.810282,-2.518865,-7.875264e-06,-1.721e-06,-0.153947646,-153.947646,-46.516579,-1.509711,-0.722017,-0.218273,-4.37432194,-8.989232,0
2026-08-24T13:23:53.456+10:00,1.703000,212,1,moving_to_min,30.000000,14.598540,-1.86669755,-3.836063,-2.608573,-7.875264e-06,-1.721e-06,-0.153947646,-153.947646,-52.152086,-1.509711,-0.722002,-0.244707,-4.46192694,-9.169260,0
2026-08-24T13:23:53.462+10:00,1.703000,213,1,moving_to_min,30.000000,14.598540,-1.89580202,-3.895873,-2.698361,-3.989786e-06,-1.721e-06,-0.056753214,-56.753214,-54.547777,-0.556559,-0.266155,-0.255946,-3.79805660,-7.805006,0
2026-08-24T13:23:53.467+10:00,1.719000,214,1,moving_to_min,30.000000,14.598540,-1.90906930,-3.923137,-2.787810,-3.989786e-06,-1.721e-06,-0.056753214,-56.753214,-56.943469,-0.556559,-0.266148,-0.267185,-3.76959515,-7.746518,0
2026-08-24T13:23:53.484+10:00,1.734000,215,1,moving_to_min,30.000000,14.598540,-1.98182511,-4.072651,-2.880308,-1.1593103e-05,-1.721e-06,-0.246948622,-246.948622,-65.537675,-2.421739,-1.157938,-0.307486,-3.65972829,-7.520742,0
2026-08-24T13:23:53.489+10:00,1.734000,216,1,moving_to_min,30.000000,14.598540,-1.99583232,-4.101435,-2.967616,-1.1593103e-05,-1.721e-06,-0.246948622,-246.948622,-74.726726,-2.421739,-1.157909,-0.350580,-3.89326763,-8.000665,0
2026-08-24T13:23:53.496+10:00,1.734000,217,1,moving_to_min,30.000000,14.598540,-2.01923776,-4.149534,-3.054712,-4.422851e-06,-1.721e-06,-0.067586246,-67.586246,-77.138725,-0.662795,-0.316890,-0.361891,-3.42858863,-7.045750,0
2026-08-24T13:23:53.499+10:00,1.750000,218,1,moving_to_min,30.000000,14.598540,-2.02855253,-4.168675,-3.138554,-4.422851e-06,-1.721e-06,-0.067586246,-67.586246,-78.916274,-0.662795,-0.316885,-0.370221,-3.25402856,-6.687029,0
2026-08-24T13:23:53.507+10:00,1.750000,219,1,moving_to_min,30.000000,14.598540,-2.05947590,-4.232223,-3.221965,-5.437993e-06,-1.721e-06,-0.092979814,-92.979814,-81.540275,-0.911820,-0.435921,-0.382519,-3.57141709,-7.339262,0
2026-08-24T13:23:53.524+10:00,1.766000,220,1,moving_to_min,30.000000,14.598540,-2.11247945,-4.341145,-3.300265,-8.247793e-06,-1.721e-06,-0.163266382,-163.266382,-85.151286,-1.601096,-0.765376,-0.399432,-2.75278139,-5.656966,0
2026-08-24T13:23:53.546+10:00,1.797000,221,1,moving_to_min,30.000000,14.598540,-2.17730641,-4.474365,-3.381438,-1.0216609e-05,-1.721e-06,-0.212515909,-212.515909,-90.403947,-2.084069,-0.996136,-0.424038,-2.94439554,-6.050733,0
2026-08-24T13:23:53.550+10:00,1.797000,222,1,moving_to_min,30.000000,14.598540,-2.18592381,-4.492073,-3.459049,-6.174669e-06,-1.721e-06,-0.111407612,-111.407612,-93.496992,-1.092535,-0.522198,-0.438530,-2.94300199,-6.047869,0
2026-08-24T13:23:53.552+10:00,1.797000,223,1,moving_to_min,30.000000,14.598540,-2.19545555,-4.511661,-3.535674,-6.174669e-06,-1.721e-06,-0.111407612,-111.407612,-96.590036,-1.092535,-0.522189,-0.453023,-2.76128149,-5.674433,0
2026-08-24T13:23:53.556+10:00,1.797000,224,1,moving_to_min,30.000000,14.598540,-2.20410275,-4.529431,-3.608178,-8.392148e-06,-1.721e-06,-0.166877393,-166.877393,-101.238532,-1.636508,-0.782174,-0.474804,-2.64505887,-5.435596,0
2026-08-24T13:23:53.560+10:00,1.813000,225,1,moving_to_min,30.000000,14.598540,-2.21475172,-4.551315,-3.679786,-8.392148e-06,-1.721e-06,-0.166877393,-166.877393,-104.975347,-1.636508,-0.782159,-0.492304,-2.55648637,-5.253579,0
2026-08-24T13:23:53.562+10:00,1.813000,226,1,moving_to_min,30.000000,14.598540,-2.22189808,-4.566001,-3.747353,-8.335337e-06,-1.721e-06,-0.165456277,-165.456277,-109.463095,-1.622572,-0.775488,-0.513330,-2.44485331,-5.024174,0
2026-08-24T13:23:53.572+10:00,1.813000,227,1,moving_to_min,30.000000,14.598540,-2.24653721,-4.616634,-3.813057,-5.828217e-06,-1.721e-06,-0.102741187,-102.741187,-110.403511,-1.007547,-0.481523,-0.517719,-2.46805429,-5.071852,0
2026-08-24T13:23:53.579+10:00,1.828000,228,1,moving_to_min,30.000000,14.598540,-2.25905347,-4.642355,-3.873808,-5.828217e-06,-1.721e-06,-0.102741187,-102.741187,-110.629490,-1.007547,-0.481511,-0.518756,-2.30089331,-4.728336,0
2026-08-24T13:23:53.599+10:00,1.844000,229,1,moving_to_min,30.000000,14.598540,-2.30328226,-4.733245,-3.936405,-5.112961e-06,-1.721e-06,-0.084849205,-84.849205,-111.281026,-0.832086,-0.397626,-0.521794,-1.78677154,-3.671816,0
2026-08-24T13:23:53.604+10:00,1.844000,230,1,moving_to_min,30.000000,14.598540,-2.30979013,-4.746619,-3.997601,-4.817732e-06,-1.721e-06,-0.077464113,-77.464113,-111.686391,-0.759663,-0.363013,-0.523678,-1.67081058,-3.433516,0
2026-08-24T13:23:53.607+10:00,1.859000,231,1,moving_to_min,30.000000,14.598540,-2.31566858,-4.758699,-4.057572,-4.817732e-06,-1.721e-06,-0.077464113,-77.464113,-111.729879,-0.759663,-0.363009,-0.523864,-1.86073732,-3.823815,0
2026-08-24T13:23:53.609+10:00,1.859000,232,1,moving_to_min,30.000000,14.598540,-2.32078767,-4.769219,-4.112956,-4.817732e-06,-1.721e-06,-0.077464113,-77.464113,-113.501216,-0.759663,-0.363005,-0.532159,-1.89179516,-3.887639,0
2026-08-24T13:23:53.622+10:00,1.875000,233,1,moving_to_min,30.000000,14.598540,-2.34333944,-4.815563,-4.166366,-1.8441118e-05,-1.721e-06,-0.418250307,-418.250307,-123.003221,-4.101634,-1.959885,-0.576657,-1.74897850,-3.594151,0
2026-08-24T13:23:53.634+10:00,1.875000,234,1,moving_to_min,30.000000,14.598540,-2.36244869,-4.854832,-4.220059,-6.756745e-06,-1.721e-06,-0.125968124,-125.968124,-122.762487,-1.235325,-0.590255,-0.575500,-1.49983442,-3.082160,0
2026-08-24T13:23:53.637+10:00,1.891000,235,1,moving_to_min,30.000000,14.598540,-2.36746526,-4.865141,-4.273161,-3.119931e-06,-1.721e-06,-0.034993971,-34.993971,-121.966512,-0.343174,-0.163971,-0.571758,-1.20198202,-2.470073,0
2026-08-24T13:23:53.640+10:00,1.891000,236,1,moving_to_min,30.000000,14.598540,-2.37030029,-4.870967,-4.322228,-3.119931e-06,-1.721e-06,-0.034993971,-34.993971,-121.542510,-0.343174,-0.163970,-0.569762,-0.98472291,-2.023606,0
2026-08-24T13:23:53.650+10:00,1.891000,237,1,moving_to_min,30.000000,14.598540,-2.38272142,-4.896493,-4.368437,-3.249384e-06,-1.721e-06,-0.038232211,-38.232211,-121.277702,-0.374930,-0.179140,-0.568513,-1.00220490,-2.059531,0
2026-08-24T13:23:53.672+10:00,1.922000,238,1,moving_to_min,30.000000,14.598540,-2.40385246,-4.939917,-4.415253,-4.663132e-06,-1.721e-06,-0.073596826,-73.596826,-122.191715,-0.721738,-0.344829,-0.572787,-0.91139692,-1.872921,0
2026-08-24T13:23:53.674+10:00,1.922000,239,1,moving_to_min,30.000000,14.598540,-2.40637565,-4.945102,-4.460890,-4.663132e-06,-1.721e-06,-0.073596826,-73.596826,-123.105728,-0.721738,-0.344828,-0.577060,-0.91250712,-1.875202,0
2026-08-24T13:23:53.676+10:00,1.922000,240,1,moving_to_min,30.000000,14.598540,-2.40898347,-4.950461,-4.502037,-1.275912e-06,-1.721e-06,0.011133785,11.133785,-118.416074,0.109185,0.052166,-0.555066,-0.90264636,-1.854938,0
2026-08-24T13:23:53.689+10:00,1.938000,241,1,returning_to_zero,30.000000,14.598540,-2.41888142,-4.970801,-4.540721,-5.211681e-06,-1.721e-06,-0.087318666,-87.318666,-116.195108,-0.856304,-0.409110,-0.544636,-0.76424378,-1.570521,0
2026-08-24T13:23:53.693+10:00,1.938000,242,1,returning_to_zero,30.000000,14.598540,-2.42264318,-4.978532,-4.578803,-1.3443641e-05,-1.721e-06,-0.293239449,-293.239449,-120.838168,-2.875697,-1.373891,-0.566365,-0.34376186,-0.706431,0
2026-08-24T13:23:53.708+10:00,1.953000,243,1,returning_to_zero,30.000000,14.598540,-2.42822933,-4.990011,-4.615275,-6.781891e-06,-1.721e-06,-0.126597146,-126.597146,-123.166299,-1.241494,-0.593129,-0.577265,-0.35907280,-0.737895,0
2026-08-24T13:23:53.711+10:00,1.953000,244,1,returning_to_zero,30.000000,14.598540,-2.42932606,-4.992265,-4.650912,-6.781891e-06,-1.721e-06,-0.126597146,-126.597146,-125.494430,-1.241494,-0.593128,-0.588164,-0.35896477,-0.737673,0
2026-08-24T13:23:53.723+10:00,1.969000,245,1,returning_to_zero,30.000000,14.598540,-2.43187952,-4.997512,-4.681741,-1.0482036e-05,-1.721e-06,-0.219155510,-219.155510,-124.567993,-2.149181,-1.026774,-0.583792,-0.14518154,-0.298348,0
2026-08-24T13:23:53.725+10:00,1.969000,246,1,returning_to_zero,30.000000,14.598540,-2.43225002,-4.998274,-4.711635,-1.0529533e-05,-1.721e-06,-0.220343638,-220.343638,-123.681160,-2.160833,-1.032339,-0.579606,-0.00820634,-0.016864,0
2026-08-24T13:23:53.738+10:00,1.984000,247,1,returning_to_zero,30.000000,14.598540,-2.43243098,-4.998646,-4.739939,-5.063601e-06,-1.721e-06,-0.083614475,-83.614475,-124.215435,-0.819978,-0.391745,-0.582101,0.00377047,0.007748,0
2026-08-24T13:23:53.743+10:00,1.984000,248,1,returning_to_zero,30.000000,14.598540,-2.43236303,-4.998506,-4.767600,-8.345582e-06,-1.721e-06,-0.165712554,-165.712554,-127.486311,-1.625085,-0.776385,-0.597418,0.02222184,0.045666,0
2026-08-24T13:23:53.754+10:00,2.000000,249,1,returning_to_zero,30.000000,14.598540,-2.43200350,-4.997767,-4.793118,-1.0689721e-05,-1.721e-06,-0.224350708,-224.350708,-131.865341,-2.200129,-1.051113,-0.617924,0.07004712,0.143947,0
2026-08-24T13:23:53.770+10:00,2.016000,250,1,returning_to_zero,30.000000,14.598540,-2.42726994,-4.988040,-4.814682,-5.116686e-06,-1.721e-06,-0.084942386,-84.942386,-129.254541,-0.833000,-0.397970,-0.605678,0.99080974,2.036114,0
2026-08-24T13:23:53.814+10:00,2.063000,251,1,returning_to_zero,30.000000,14.598540,-2.39210176,-4.915769,-4.829395,-1.0971911e-05,-1.721e-06,-0.231409633,-231.409633,-129.884332,-2.269353,-1.084267,-0.608615,1.21986723,2.506827,0
2026-08-24T13:23:53.818+10:00,2.063000,252,1,returning_to_zero,30.000000,14.598540,-2.38795352,-4.907244,-4.843234,-1.0971911e-05,-1.721e-06,-0.231409633,-231.409633,-133.884399,-2.269353,-1.084275,-0.627351,1.22176325,2.510723,0
2026-08-24T13:23:53.821+10:00,2.063000,253,1,returning_to_zero,30.000000,14.598540,-2.38320541,-4.897487,-4.856095,-1.1351891e-05,-1.721e-06,-0.240914754,-240.914754,-138.201304,-2.362567,-1.128822,-0.647572,1.23445141,2.536798,0
2026-08-24T13:23:53.825+10:00,2.078000,254,1,returning_to_zero,30.000000,14.598540,-2.37897420,-4.888792,-4.868074,-1.1351891e-05,-1.721e-06,-0.240914754,-240.914754,-140.669216,-2.362567,-1.128831,-0.659127,1.34034288,2.754405,0
2026-08-24T13:23:53.828+10:00,2.078000,255,1,returning_to_zero,30.000000,14.598540,-2.37450886,-4.879616,-4.879017,-1.3872981e-05,-1.721e-06,-0.303979301,-303.979301,-145.239280,-2.981019,-1.424338,-0.680533,1.44482243,2.969110,0
2026-08-24T13:23:53.831+10:00,2.078000,256,1,returning_to_zero,30.000000,14.598540,-2.36996579,-4.870280,-4.889160,-1.3872981e-05,-1.721e-06,-0.303979301,-303.979301,-149.856714,-2.981019,-1.424350,-0.702162,1.52559817,3.135104,0
2026-08-24T13:23:53.835+10:00,2.078000,257,1,returning_to_zero,30.000000,14.598540,-2.36423349,-4.858500,-4.897222,-9.066425e-06,-1.721e-06,-0.183744293,-183.744293,-152.556817,-1.801916,-0.860976,-0.714811,1.58536685,3.257929,0
2026-08-24T13:23:53.839+10:00,2.078000,258,1,returning_to_zero,30.000000,14.598540,-2.35711980,-4.843881,-4.903939,-9.066425e-06,-1.721e-06,-0.183744293,-183.744293,-155.256921,-1.801916,-0.860988,-0.727460,1.53978002,3.164248,0
2026-08-24T13:23:53.844+10:00,2.094000,259,1,returning_to_zero,30.000000,14.598540,-2.34209943,-4.813014,-4.906598,-8.54861e-06,-1.721e-06,-0.170791257,-170.791257,-158.121656,-1.674890,-0.800315,-0.740883,1.69940162,3.492270,0
2026-08-24T13:23:53.862+10:00,2.109000,260,1,returning_to_zero,30.000000,14.598540,-2.31983089,-4.767252,-4.907286,-7.987954e-06,-1.721e-06,-0.156766563,-156.766563,-160.765071,-1.537355,-0.734627,-0.753270,1.92861533,3.963305,0
2026-08-24T13:23:53.865+10:00,2.109000,261,1,returning_to_zero,30.000000,14.598540,-2.31250286,-4.752193,-4.907069,-7.987954e-06,-1.721e-06,-0.156766563,-156.766563,-163.408486,-1.537355,-0.734637,-0.765658,1.95354509,4.014535,0
2026-08-24T13:23:53.869+10:00,2.109000,262,1,returning_to_zero,30.000000,14.598540,-2.30420542,-4.735142,-4.905933,-1.1947937e-05,-1.721e-06,-0.255824722,-255.824722,-169.353840,-2.508784,-1.198860,-0.793519,1.97711909,4.062980,0
2026-08-24T13:23:53.873+10:00,2.125000,263,1,returning_to_zero,30.000000,14.598540,-2.29717875,-4.720702,-4.902771,-1.1947937e-05,-1.721e-06,-0.255824722,-255.824722,-163.939654,-2.508784,-1.198875,-0.768152,2.12440968,4.365662,0
2026-08-24T13:23:53.876+10:00,2.125000,264,1,returning_to_zero,30.000000,14.598540,-2.29098654,-4.707977,-4.897876,-1.4485791e-05,-1.721e-06,-0.319308617,-319.308617,-170.384337,-3.131348,-1.496398,-0.798357,2.11246586,4.341117,0
2026-08-24T13:23:53.878+10:00,2.125000,265,1,returning_to_zero,30.000000,14.598540,-2.28529525,-4.696282,-4.892248,-1.4485791e-05,-1.721e-06,-0.319308617,-319.308617,-179.861492,-3.131348,-1.496414,-0.842772,2.07206106,4.258085,0
2026-08-24T13:23:53.888+10:00,2.141000,266,1,returning_to_zero,30.000000,14.598540,-2.26122999,-4.646828,-4.884776,-8.646399e-06,-1.721e-06,-0.173237429,-173.237429,-184.469607,-1.698879,-0.811899,-0.864370,2.33035922,4.788888,0
2026-08-24T13:23:53.894+10:00,2.141000,267,1,returning_to_zero,30.000000,14.598540,-2.24919438,-4.622094,-4.875630,-1.0183081e-05,-1.721e-06,-0.211677213,-211.677213,-190.251107,-2.075844,-0.992074,-0.891467,2.48638248,5.109516,0
2026-08-24T13:23:53.902+10:00,2.141000,268,1,returning_to_zero,30.000000,14.598540,-2.23050117,-4.583680,-4.863755,-1.093559e-05,-1.721e-06,-0.230501070,-230.501070,-195.481248,-2.260443,-1.080333,-0.915984,2.39132762,4.914178,0
2026-08-24T13:23:53.908+10:00,2.156000,269,1,returning_to_zero,30.000000,14.598540,-2.21763372,-4.557237,-4.850826,-1.2813136e-05,-1.721e-06,-0.277467496,-277.467496,-202.276937,-2.721027,-1.300491,-0.947840,2.65392375,5.453813,0
2026-08-24T13:23:53.918+10:00,2.156000,270,1,returning_to_zero,30.000000,14.598540,-2.18724608,-4.494791,-4.835637,-1.1676922e-05,-1.721e-06,-0.249045337,-249.045337,-210.949575,-2.442300,-1.167341,-0.988490,2.78182745,5.716655,0
2026-08-24T13:23:53.924+10:00,2.172000,271,1,returning_to_zero,30.000000,14.598540,-2.17411041,-4.467797,-4.818870,-8.279458e-06,-1.721e-06,-0.164058475,-164.058475,-213.507568,-1.608864,-0.769003,-1.000486,2.81409621,5.782968,0
2026-08-24T13:23:53.932+10:00,2.172000,272,1,returning_to_zero,30.000000,14.598540,-2.15151548,-4.421364,-4.800298,-1.0483898e-05,-1.721e-06,-0.219202088,-219.202088,-211.039656,-2.149638,-1.027524,-0.988941,2.95175385,6.065854,0
2026-08-24T13:23:53.936+10:00,2.188000,273,1,returning_to_zero,30.000000,14.598540,-2.13530588,-4.388054,-4.780233,-1.0483898e-05,-1.721e-06,-0.219202088,-219.202088,-214.126488,-2.149638,-1.027554,-1.003422,3.01871204,6.203453,0
2026-08-24T13:23:53.946+10:00,2.188000,274,1,returning_to_zero,30.000000,14.598540,-2.11012840,-4.336314,-4.758368,-1.0572374e-05,-1.721e-06,-0.221415297,-221.415297,-217.287093,-2.171342,-1.037976,-1.018250,3.11925077,6.410060,0
2026-08-24T13:23:53.953+10:00,2.203000,275,1,returning_to_zero,30.000000,14.598540,-2.08435917,-4.283358,-4.734563,-1.0572374e-05,-1.721e-06,-0.221415297,-221.415297,-217.362419,-2.171342,-1.038024,-1.018625,3.31983590,6.822263,0
2026-08-24T13:23:53.972+10:00,2.219000,276,1,returning_to_zero,30.000000,14.598540,-2.02128792,-4.153747,-4.706412,-1.2395903e-05,-1.721e-06,-0.267030499,-267.030499,-218.918648,-2.618675,-1.252015,-1.025947,3.51226354,7.217702,0
2026-08-24T13:23:53.976+10:00,2.219000,277,1,returning_to_zero,30.000000,14.598540,-2.01143694,-4.133503,-4.677574,-1.2395903e-05,-1.721e-06,-0.267030499,-267.030499,-225.032515,-2.618675,-1.252036,-1.054624,3.59822893,7.394360,0
2026-08-24T13:23:53.986+10:00,2.234000,278,1,returning_to_zero,30.000000,14.598540,-1.97256184,-4.053615,-4.646077,-1.2619421e-05,-1.721e-06,-0.272621756,-272.621756,-228.596155,-2.673506,-1.278339,-1.071356,3.52445364,7.242752,0
2026-08-24T13:23:53.991+10:00,2.234000,279,1,returning_to_zero,30.000000,14.598540,-1.95731044,-4.022273,-4.613561,-3.567897e-06,-1.721e-06,-0.046199748,-46.199748,-222.657790,-0.453065,-0.216639,-1.043540,3.85249567,7.916879,0
2026-08-24T13:23:54.039+10:00,2.281000,280,1,returning_to_zero,30.000000,14.598540,-1.75976181,-3.616311,-4.567837,-8.456409e-06,-1.721e-06,-0.168484868,-168.484868,-225.442539,-1.652272,-0.790322,-1.056618,4.42564106,9.094692,0
2026-08-24T13:23:54.042+10:00,2.281000,281,1,returning_to_zero,30.000000,14.598540,-1.74248660,-3.580810,-4.523338,-1.2093224e-05,-1.721e-06,-0.259459046,-259.459046,-226.377520,-2.544424,-1.217095,-1.061046,4.58966923,9.431770,0
2026-08-24T13:23:54.046+10:00,2.297000,282,1,returning_to_zero,30.000000,14.598540,-1.72956705,-3.554260,-4.478238,-1.2093224e-05,-1.721e-06,-0.259459046,-259.459046,-227.312500,-2.544424,-1.217121,-1.065474,4.42051601,9.084160,0
2026-08-24T13:23:54.050+10:00,2.297000,283,1,returning_to_zero,30.000000,14.598540,-1.70811880,-3.510184,-4.431995,-1.2093224e-05,-1.721e-06,-0.259459046,-259.459046,-227.930643,-2.544424,-1.217164,-1.068419,4.66931820,9.595449,0
2026-08-24T13:23:54.069+10:00,2.313000,284,1,returning_to_zero,30.000000,14.598540,-1.62115550,-3.331475,-4.380084,-1.0958873e-05,-1.721e-06,-0.231083490,-231.083490,-227.602935,-2.266155,-1.084202,-1.066931,5.03011942,10.336895,0
2026-08-24T13:23:54.072+10:00,2.313000,285,1,returning_to_zero,30.000000,14.598540,-1.60454762,-3.297345,-4.327342,-1.0958873e-05,-1.721e-06,-0.231083490,-231.083490,-225.173074,-2.266155,-1.084230,-1.055594,4.79399061,9.851651,0
2026-08-24T13:23:54.076+10:00,2.328000,286,1,returning_to_zero,30.000000,14.598540,-1.59121931,-3.269956,-4.273998,-1.0958873e-05,-1.721e-06,-0.231083490,-231.083490,-222.743214,-2.266155,-1.084253,-1.044257,4.70468569,9.668129,0
2026-08-24T13:23:54.078+10:00,2.328000,287,1,returning_to_zero,30.000000,14.598540,-1.57714999,-3.241043,-4.220083,-1.0958873e-05,-1.721e-06,-0.231083490,-231.083490,-224.321187,-2.266155,-1.084277,-1.051701,5.06633663,10.411322,0
2026-08-24T13:23:54.082+10:00,2.328000,288,1,returning_to_zero,30.000000,14.598540,-1.55542397,-3.196396,-4.165167,-1.0958873e-05,-1.721e-06,-0.231083490,-231.083490,-225.899160,-2.266155,-1.084314,-1.059145,5.17184448,10.628140,0
2026-08-24T13:23:54.085+10:00,2.328000,289,1,returning_to_zero,30.000000,14.598540,-1.53920436,-3.163065,-4.110168,-8.258037e-06,-1.721e-06,-0.163522634,-163.522634,-225.656873,-1.603609,-0.767317,-1.058045,4.91095781,10.092018,0
2026-08-24T13:23:54.095+10:00,2.344000,290,1,returning_to_zero,30.000000,14.598540,-1.48552978,-3.052764,-4.053019,-1.0811724e-05,-1.721e-06,-0.227402588,-227.402588,-228.011407,-2.230058,-1.067156,-1.069129,5.43972349,11.178632,0
2026-08-24T13:23:54.106+10:00,2.344000,291,1,returning_to_zero,30.000000,14.598540,-1.43234503,-2.943469,-3.992728,-1.000613e-05,-1.721e-06,-0.207250820,-207.250820,-229.694215,-2.032436,-0.972666,-1.077064,5.85728741,12.036726,0
2026-08-24T13:23:54.109+10:00,2.359000,292,1,returning_to_zero,30.000000,14.598540,-1.41492081,-2.907662,-3.931812,-6.19702e-06,-1.721e-06,-0.111966718,-111.966718,-224.898949,-1.098018,-0.525494,-1.054618,5.60765505,11.523731,0
2026-08-24T13:23:54.111+10:00,2.359000,293,1,returning_to_zero,30.000000,14.598540,-1.39928317,-2.875527,-3.870306,-6.19702e-06,-1.721e-06,-0.111966718,-111.966718,-220.103682,-1.098018,-0.525506,-1.032173,5.21127081,10.709162,0
2026-08-24T13:23:54.114+10:00,2.359000,294,1,returning_to_zero,30.000000,14.598540,-1.38194764,-2.839902,-3.808037,-6.19702e-06,-1.721e-06,-0.111966718,-111.966718,-213.192285,-1.098018,-0.525519,-0.999810,5.63775682,11.585590,0
2026-08-24T13:23:54.127+10:00,2.375000,295,1,returning_to_zero,30.000000,14.598540,-1.30749178,-2.686896,-3.741057,-4.547648e-06,-1.721e-06,-0.070708017,-70.708017,-204.905599,-0.693409,-0.331906,-0.960993,6.09007025,12.515094,0
2026-08-24T13:23:54.139+10:00,2.391000,296,1,returning_to_zero,30.000000,14.598540,-1.24332976,-2.555043,-3.671331,-1.037214e-05,-1.721e-06,-0.216406485,-216.406485,-206.344567,-2.122223,-1.015909,-0.967793,6.13044167,12.598058,0
2026-08-24T13:23:54.142+10:00,2.391000,297,1,returning_to_zero,30.000000,14.598540,-1.22532785,-2.518049,-3.601196,-1.246389e-05,-1.721e-06,-0.268731180,-268.731180,-208.246366,-2.635353,-1.261576,-0.976777,6.09521580,12.525668,0
2026-08-24T13:23:54.145+10:00,2.391000,298,1,returning_to_zero,30.000000,14.598540,-1.20903993,-2.484577,-3.531226,-1.246389e-05,-1.721e-06,-0.268731180,-268.731180,-209.520703,-2.635353,-1.261603,-0.982819,5.92268085,12.171109,0
2026-08-24T13:23:54.150+10:00,2.391000,299,1,returning_to_zero,30.000000,14.598540,-1.17063737,-2.405660,-3.459507,-4.934147e-06,-1.721e-06,-0.080376210,-80.376210,-202.950994,-0.788221,-0.377359,-0.952048,5.83177423,11.984296,0
2026-08-24T13:23:54.169+10:00,2.422000,300,1,returning_to_zero,30.000000,14.598540,-1.06446040,-2.187466,-3.382596,-5.111098e-06,-1.721e-06,-0.084802603,-84.802603,-197.476236,-0.831629,-0.398194,-0.926410,5.84267473,12.006697,0
2026-08-24T13:23:54.173+10:00,2.422000,301,1,returning_to_zero,30.000000,14.598540,-1.04042447,-2.138072,-3.304939,-4.380941e-06,-1.721e-06,-0.066537876,-66.537876,-194.225549,-0.652514,-0.312441,-0.911191,5.62473059,11.558821,0
2026-08-24T13:23:54.175+10:00,2.422000,302,1,returning_to_zero,30.000000,14.598540,-1.02572536,-2.107866,-3.227822,-4.380941e-06,-1.721e-06,-0.066537876,-66.537876,-189.136742,-0.652514,-0.312446,-0.887355,5.30970478,10.911443,0
2026-08-24T13:23:54.183+10:00,2.422000,303,1,returning_to_zero,30.000000,14.598540,-0.98466825,-2.023493,-3.149003,-5.622394e-06,-1.721e-06,-0.097592567,-97.592567,-185.083091,-0.957056,-0.458294,-0.868380,5.51529551,11.333932,0
2026-08-24T13:23:54.200+10:00,2.453000,304,1,returning_to_zero,30.000000,14.598540,-0.89484644,-1.838909,-3.065756,-2.737157e-06,-1.721e-06,-0.025418958,-25.418958,-178.549880,-0.249275,-0.119380,-0.837760,4.91954660,10.109668,0
2026-08-24T13:23:54.205+10:00,2.453000,305,1,returning_to_zero,30.000000,14.598540,-0.86897182,-1.785737,-2.982502,-2.33762e-06,-1.721e-06,-0.015424622,-15.424622,-171.683524,-0.151264,-0.072443,-0.805574,5.19906425,10.684077,0
2026-08-24T13:23:54.217+10:00,2.469000,306,1,returning_to_zero,30.000000,14.598540,-0.80691922,-1.658219,-2.899318,-1.575798e-06,-1.721e-06,0.003632198,3.632198,-162.661434,0.035620,0.017060,-0.763271,4.54396009,9.337838,0
2026-08-24T13:23:54.227+10:00,2.469000,307,1,returning_to_zero,30.000000,14.598540,-0.76315796,-1.568290,-2.813811,-4.039146e-06,-1.721e-06,-0.057987945,-57.987945,-155.693349,-0.568667,-0.272377,-0.730616,4.46425533,9.174045,0
2026-08-24T13:23:54.230+10:00,2.469000,308,1,returning_to_zero,30.000000,14.598540,-0.75029057,-1.541847,-2.730086,-4.039146e-06,-1.721e-06,-0.057987945,-57.987945,-148.538889,-0.568667,-0.272380,-0.697084,4.79071522,9.844920,0
2026-08-24T13:23:54.233+10:00,2.484000,309,1,returning_to_zero,30.000000,14.598540,-0.73611271,-1.512712,-2.646433,-4.039146e-06,-1.721e-06,-0.057987945,-57.987945,-148.931829,-0.568667,-0.272384,-0.698942,4.79221439,9.848001,0
2026-08-24T13:23:54.237+10:00,2.484000,310,1,returning_to_zero,30.000000,14.598540,-0.71301913,-1.465254,-2.574732,-4.056841e-06,-1.721e-06,-0.058430581,-58.430581,-145.263352,-0.573008,-0.274469,-0.681747,4.56198978,9.374889,0
2026-08-24T13:23:54.253+10:00,2.500000,311,1,returning_to_zero,30.000000,14.598540,-0.64914334,-1.333990,-2.499838,-1.538545e-06,-1.721e-06,0.004564074,4.564074,-136.462582,0.044758,0.021440,-0.640463,4.21927118,8.670602,0
2026-08-24T13:23:54.256+10:00,2.500000,312,1,returning_to_zero,30.000000,14.598540,-0.63557416,-1.306105,-2.424899,-1.538545e-06,-1.721e-06,0.004564074,4.564074,-127.661811,0.044758,0.021441,-0.599177,4.31110525,8.859321,0
2026-08-24T13:23:54.267+10:00,2.516000,313,1,returning_to_zero,30.000000,14.598540,-0.59364641,-1.219943,-2.348558,-1.459382e-06,-1.721e-06,0.006544320,6.544320,-118.795032,0.064178,0.030744,-0.557580,3.98397946,8.187078,0
2026-08-24T13:23:54.270+10:00,2.516000,314,1,returning_to_zero,30.000000,14.598540,-0.58064818,-1.193232,-2.277283,-3.426336e-06,-1.721e-06,-0.042658629,-42.658629,-112.514203,-0.418338,-0.200406,-0.528120,4.16727543,8.563751,0
2026-08-24T13:23:54.280+10:00,2.531000,315,1,returning_to_zero,30.000000,14.598540,-0.54210293,-1.114022,-2.204506,-2.866611e-06,-1.721e-06,-0.028657223,-28.657223,-105.766661,-0.281031,-0.134633,-0.496467,3.65731263,7.515777,0
2026-08-24T13:23:54.283+10:00,2.531000,316,1,returning_to_zero,30.000000,14.598540,-0.53056645,-1.090314,-2.131851,-2.866611e-06,-1.721e-06,-0.028657223,-28.657223,-99.019119,-0.281031,-0.134634,-0.464813,3.81702662,7.843990,0
2026-08-24T13:23:54.294+10:00,2.547000,317,1,returning_to_zero,30.000000,14.598540,-0.48646057,-0.999676,-2.057139,3.52971e-07,-1.721e-06,0.051879957,51.879957,-89.587004,0.508769,0.243745,-0.420546,3.73761845,7.680806,0
2026-08-24T13:23:54.297+10:00,2.547000,318,1,returning_to_zero,30.000000,14.598540,-0.47683942,-0.979905,-1.983256,3.52971e-07,-1.721e-06,0.051879957,51.879957,-80.154889,0.508769,0.243746,-0.376277,3.50524211,7.203273,0
2026-08-24T13:23:54.307+10:00,2.547000,319,1,returning_to_zero,30.000000,14.598540,-0.43632179,-0.896641,-1.907708,9.9652e-08,-1.721e-06,0.045543235,45.543235,-73.186027,0.446627,0.213981,-0.343567,3.75890231,7.724544,0
2026-08-24T13:23:54.311+10:00,2.563000,320,1,returning_to_zero,30.000000,14.598540,-0.40614849,-0.834635,-1.833770,9.9652e-08,-1.721e-06,0.045543235,45.543235,-64.087833,0.446627,0.213985,-0.300863,3.59912848,7.396209,0
2026-08-24T13:23:54.333+10:00,2.578000,321,1,returning_to_zero,30.000000,14.598540,-0.34592873,-0.710884,-1.759351,-4.128553e-06,-1.721e-06,-0.060224442,-60.224442,-59.186954,-0.590600,-0.282975,-0.277873,2.96983552,6.103012,0
2026-08-24T13:23:54.338+10:00,2.578000,322,1,returning_to_zero,30.000000,14.598540,-0.33446726,-0.687330,-1.685340,-4.128553e-06,-1.721e-06,-0.060224442,-60.224442,-57.462211,-0.590600,-0.282977,-0.269789,3.21950531,6.616083,0
2026-08-24T13:23:54.342+10:00,2.594000,323,1,returning_to_zero,30.000000,14.598540,-0.31898889,-0.655522,-1.611340,-1.933426e-06,-1.721e-06,-0.005313793,-5.313793,-53.907114,-0.052111,-0.024968,-0.253104,3.32667756,6.836322,0
2026-08-24T13:23:54.345+10:00,2.594000,324,1,returning_to_zero,30.000000,14.598540,-0.30902171,-0.635040,-1.537844,-1.933426e-06,-1.721e-06,-0.005313793,-5.313793,-50.352016,-0.052111,-0.024968,-0.236419,3.29860449,6.778632,0
2026-08-24T13:23:54.360+10:00,2.609000,325,1,returning_to_zero,30.000000,14.598540,-0.26567227,-0.545957,-1.466480,-1.862645e-06,-1.721e-06,-0.003543220,-3.543220,-48.113190,-0.034747,-0.016649,-0.225911,2.65654993,5.459210,0
2026-08-24T13:23:54.371+10:00,2.609000,326,1,returning_to_zero,30.000000,14.598540,-0.23180670,-0.476363,-1.397190,2.069399e-06,-1.721e-06,0.094816050,94.816050,-37.739105,0.929828,0.445536,-0.177196,2.80462980,5.763514,0
2026-08-24T13:23:54.376+10:00,2.625000,327,1,returning_to_zero,30.000000,14.598540,-0.22345656,-0.459203,-1.328562,2.069399e-06,-1.721e-06,0.094816050,94.816050,-25.620864,0.929828,0.445538,-0.120292,2.65386653,5.453696,0
2026-08-24T13:23:54.378+10:00,2.625000,328,1,returning_to_zero,30.000000,14.598540,-0.21600240,-0.443885,-1.260539,2.069399e-06,-1.721e-06,0.094816050,94.816050,-13.502623,0.929828,0.445539,-0.063387,2.57424903,5.290082,0
2026-08-24T13:23:54.392+10:00,2.641000,329,1,returning_to_zero,30.000000,14.598540,-0.18316805,-0.376410,-1.192897,-1.966022e-06,-1.721e-06,-0.006129175,-6.129175,-11.027722,-0.060107,-0.028801,-0.051769,2.49681616,5.130957,0
2026-08-24T13:23:54.402+10:00,2.641000,330,1,returning_to_zero,30.000000,14.598540,-0.15801269,-0.324716,-1.130806,4.89876e-07,-1.721e-06,0.055304608,55.304608,-6.357482,0.542353,0.259882,-0.029833,2.13834476,4.394298,0
2026-08-24T13:23:54.406+10:00,2.656000,331,1,returning_to_zero,30.000000,14.598540,-0.15220082,-0.312773,-1.069962,-1.132488e-06,-1.721e-06,0.014721506,14.721506,-3.648835,0.144369,0.069178,-0.017112,2.12630463,4.369556,0
2026-08-24T13:23:54.411+10:00,2.656000,332,1,returning_to_zero,30.000000,14.598540,-0.14149219,-0.290766,-1.009392,-1.132488e-06,-1.721e-06,0.014721506,14.721506,-0.940189,0.144369,0.069178,-0.004392,2.13418722,4.385755,0
2026-08-24T13:23:54.430+10:00,2.672000,333,1,returning_to_zero,30.000000,14.598540,-0.09961915,-0.204717,-0.948767,-4.58211e-07,-1.721e-06,0.031588407,31.588407,3.365843,0.309776,0.148440,0.015833,1.61092424,3.310449,0
2026-08-24T13:23:54.448+10:00,2.688000,334,1,returning_to_zero,30.000000,14.598540,-0.07431006,-0.152707,-0.892560,-3.28757e-07,-1.721e-06,0.034826672,34.826672,5.374031,0.341533,0.163658,0.025268,1.29587662,2.663026,0
2026-08-24T13:23:54.457+10:00,2.703000,335,1,returning_to_zero,30.000000,14.598540,-0.06093782,-0.125227,-0.837210,-1.563691e-06,-1.721e-06,0.003935052,3.935052,6.019353,0.038590,0.018492,0.028299,1.07047343,2.199823,0
2026-08-24T13:23:54.460+10:00,2.703000,336,1,returning_to_zero,30.000000,14.598540,-0.05815029,-0.119499,-0.785919,-4.179776e-06,-1.721e-06,-0.061505775,-61.505775,3.848087,-0.603166,-0.289030,0.018096,1.00682294,2.069021,0
2026-08-24T13:23:54.464+10:00,2.703000,337,1,returning_to_zero,30.000000,14.598540,-0.05437088,-0.111732,-0.737367,-4.179776e-06,-1.721e-06,-0.061505775,-61.505775,3.730826,-0.603166,-0.289030,0.017541,1.21269071,2.492079,0
2026-08-24T13:23:54.467+10:00,2.719000,338,1,returning_to_zero,30.000000,14.598540,-0.05022764,-0.103218,-0.689413,7.97212e-07,-1.721e-06,0.062992554,62.992554,7.763510,0.617746,0.296018,0.036487,1.26190197,2.593209,0
2026-08-24T13:23:54.473+10:00,2.719000,339,1,returning_to_zero,30.000000,14.598540,-0.03765225,-0.077375,-0.641568,7.97212e-07,-1.721e-06,0.062992554,62.992554,11.796193,0.617746,0.296018,0.055434,1.08094156,2.221335,0
2026-08-24T13:23:54.489+10:00,2.734000,340,1,returning_to_zero,30.000000,14.598540,-0.02679491,-0.055064,-0.594562,-3.18512e-07,-1.721e-06,0.035082948,35.082948,14.913311,0.344046,0.164864,0.070078,0.89571935,1.840703,0
2026-08-24T13:23:54.492+10:00,2.734000,341,1,returning_to_zero,30.000000,14.598540,-0.02446437,-0.050274,-0.551771,-1.586974e-06,-1.721e-06,0.003352633,3.352633,14.872929,0.032878,0.015755,0.069889,0.80456150,1.653374,0
2026-08-24T13:23:54.499+10:00,2.750000,342,1,returning_to_zero,30.000000,14.598540,-0.01918519,-0.039426,-0.509549,-1.586974e-06,-1.721e-06,0.003352633,3.352633,14.832548,0.032878,0.015755,0.069699,0.82544547,1.696290,0
