Timestamp ISO 8601,Elapsed Time (s),Sample Index,Cycle,Motion Phase,Movement Direction,Commanded AFO Speed (deg/s),Commanded AFO Acceleration (deg/s^2),Commanded Minimum Angle (deg),Commanded Maximum Angle (deg),Commanded Cycles,File Name Prefix,Operator ID,AFO ID,Fixture ID,Calibration ID,Test Type,Preset Name,Preset Version,Preset Modified,Commanded ODrive Velocity (turns/s),Nominal Move Distance (deg),Expected Constant-Speed Span (deg),Raw ODrive Position (turns),ODrive-Derived AFO Angle (deg),Moving Avg ODrive-Derived AFO Angle (deg),Raw Voltage Ratio (V/V),Tare Offset (V/V),Raw Mass (kg),Raw Weight (g),Moving Avg Weight (g),Raw Force (N),Raw Torque (Nm),Moving Avg Torque (Nm),Raw ODrive Velocity (turns/s),ODrive-Derived AFO Velocity (deg/s),Axis Active Errors
2026-09-28T18:17:17.109+10:00,0.000000,0,0,preparing,decreasing_machine_angle,20.000000,100.000000,-10.000000,10.000000,5,Speed,SC,0,0,0,custom,Custom,,False,9.732360,10.001578,9.201578,0.00075501,0.001551,0.001551,-4.28408e-07,-7.745e-07,0.008657420,8.657420,8.657420,0.084900,0.040684,0.040684,-0.00701941,-0.014425,0
2026-09-28T18:17:17.121+10:00,0.000000,1,0,preparing,decreasing_machine_angle,20.000000,100.000000,-10.000000,10.000000,5,Speed,SC,0,0,0,custom,Custom,,False,9.732360,10.001578,9.201578,0.00074089,0.001522,0.001537,-2.51457e-07,-7.745e-07,0.013083813,13.083813,10.870616,0.128308,0.061485,0.051084,-0.00035114,-0.000722,0
2026-09-28T18:17:17.153+10:00,0.032000,2,0,preparing,decreasing_machine_angle,20.000000,100.000000,-10.000000,10.000000,5,Speed,SC,0,0,0,custom,Custom,,False,9.732360,10.001578,9.201578,0.00074089,0.001522,0.001532,-1.95578e-07,-7.745e-07,0.014481615,14.481615,12.074282,0.142016,0.068053,0.056741,-0.00035114,-0.000722,0
2026-09-28T18:17:17.153+10:00,0.032000,3,0,preparing,decreasing_machine_angle,20.000000,100.000000,-10.000000,10.000000,5,Speed,SC,0,0,0,custom,Custom,,False,9.732360,10.001578,9.201578,0.00074089,0.001522,0.001530,-1.95578e-07,-7.745e-07,0.014481615,14.481615,12.676116,0.142016,0.068053,0.059569,-0.00035114,-0.000722,0
2026-09-28T18:17:17.153+10:00,0.032000,4,0,preparing,decreasing_machine_angle,20.000000,100.000000,-10.000000,10.000000,5,Speed,SC,0,0,0,custom,Custom,,False,9.732360,10.001578,9.201578,0.00074089,0.001522,0.001528,-1.95578e-07,-7.745e-07,0.014481615,14.481615,13.037215,0.142016,0.068053,0.061266,-0.00035114,-0.000722,0
2026-09-28T18:17:17.168+10:00,0.047000,5,0,preparing,increasing_machine_angle,20.000000,100.000000,-10.000000,10.000000,5,Speed,SC,0,0,0,custom,Custom,,False,9.732360,10.001578,9.201578,0.00073999,0.001521,0.001527,-4.18164e-07,-7.745e-07,0.008913672,8.913672,12.349958,0.087413,0.041888,0.058036,0.00485682,0.009981,0
2026-09-28T18:17:17.184+10:00,0.063000,6,0,preparing,increasing_machine_angle,20.000000,100.000000,-10.000000,10.000000,5,Speed,SC,0,0,0,custom,Custom,,False,9.732360,10.001578,9.201578,0.00073999,0.001521,0.001526,-3.18512e-07,-7.745e-07,0.011406446,11.406446,12.215171,0.111859,0.053602,0.057403,0.00485682,0.009981,0
2026-09-28T18:17:17.184+10:00,0.063000,7,0,preparing,increasing_machine_angle,20.000000,100.000000,-10.000000,10.000000,5,Speed,SC,0,0,0,custom,Custom,,False,9.732360,10.001578,9.201578,0.00073999,0.001521,0.001525,-3.18512e-07,-7.745e-07,0.011406446,11.406446,12.114080,0.111859,0.053602,0.056928,0.00485682,0.009981,0
2026-09-28T18:17:17.200+10:00,0.079000,8,0,preparing,increasing_machine_angle,20.000000,100.000000,-10.000000,10.000000,5,Speed,SC,0,0,0,custom,Custom,,False,9.732360,10.001578,9.201578,0.00073355,0.001507,0.001523,-3.20375e-07,-7.745e-07,0.011359843,11.359843,12.030276,0.111402,0.053383,0.056534,0.00073664,0.001514,0
2026-09-28T18:17:17.200+10:00,0.079000,9,0,preparing,increasing_machine_angle,20.000000,100.000000,-10.000000,10.000000,5,Speed,SC,0,0,0,custom,Custom,,False,9.732360,10.001578,9.201578,0.00073355,0.001507,0.001522,-3.20375e-07,-7.745e-07,0.011359843,11.359843,11.963233,0.111402,0.053383,0.056219,0.00073664,0.001514,0
2026-09-28T18:17:17.216+10:00,0.094000,10,0,moving_to_initial_max,increasing_machine_angle,20.000000,100.000000,-10.000000,10.000000,5,Speed,SC,0,0,0,custom,Custom,,False,9.732360,9.998493,5.998493,0.00073355,0.001507,0.001520,-4.63799e-07,-7.745e-07,0.007772121,7.772121,11.582223,0.076218,0.036523,0.054428,0.00073664,0.001514,0
2026-09-28T18:17:17.216+10:00,0.094000,11,0,moving_to_initial_max,increasing_machine_angle,20.000000,100.000000,-10.000000,10.000000,5,Speed,SC,0,0,0,custom,Custom,,False,9.732360,9.998493,5.998493,0.00073355,0.001507,0.001519,-4.63799e-07,-7.745e-07,0.007772121,7.772121,11.264714,0.076218,0.036523,0.052936,0.00073664,0.001514,0
