Timestamp ISO 8601,Elapsed Time (s),Sample Index,Cycle,Motion Phase,Commanded AFO Speed (deg/s),Commanded AFO Acceleration (deg/s^2),Commanded Minimum Angle (deg),Commanded Maximum Angle (deg),Commanded Cycles,File Name Prefix,Operator ID,AFO ID,Fixture ID,Calibration ID,Commanded ODrive Velocity (turns/s),Nominal Move Distance (deg),Expected Constant-Speed Span (deg),Raw ODrive Position (turns),ODrive-Derived AFO Angle (deg),Moving Avg ODrive-Derived AFO Angle (deg),Raw Voltage Ratio (V/V),Tare Offset (V/V),Raw Mass (kg),Raw Weight (g),Moving Avg Weight (g),Raw Force (N),Raw Torque (Nm),Moving Avg Torque (Nm),Raw ODrive Velocity (turns/s),ODrive-Derived AFO Velocity (deg/s),Axis Active Errors
2026-09-21T12:04:49.706+10:00,0.000000,0,0,preparing,5.000000,100.000000,-10.000000,10.000000,3,Speed_v,SC,0,0,0,2.433090,10.005708,9.205708,7.26518297,0.002729,0.002729,-2.42144e-07,-3.0995e-06,0.071476172,71.476172,71.476172,0.700942,0.335888,0.335888,0.00768175,0.015786,0
2026-09-21T12:04:49.737+10:00,0.031000,1,0,preparing,5.000000,100.000000,-10.000000,10.000000,3,Speed_v,SC,0,0,0,2.433090,10.005708,9.205708,7.26518297,0.002729,0.002729,-5.4948e-08,-3.0995e-06,0.076158841,76.158841,73.817506,0.746863,0.357893,0.346890,0.00768175,0.015786,0
2026-09-21T12:04:49.737+10:00,0.031000,2,0,preparing,5.000000,100.000000,-10.000000,10.000000,3,Speed_v,SC,0,0,0,2.433090,10.005708,9.205708,7.26518297,0.002729,0.002729,-5.4948e-08,-3.0995e-06,0.076158841,76.158841,74.597951,0.746863,0.357893,0.350558,0.00768175,0.015786,0
2026-09-21T12:04:49.737+10:00,0.031000,3,0,preparing,5.000000,100.000000,-10.000000,10.000000,3,Speed_v,SC,0,0,0,2.433090,10.005708,9.205708,7.26518297,0.002729,0.002729,-5.4948e-08,-3.0995e-06,0.076158841,76.158841,74.988174,0.746863,0.357893,0.352392,0.00768175,0.015786,0
2026-09-21T12:04:49.754+10:00,0.047000,4,0,preparing,5.000000,100.000000,-10.000000,10.000000,3,Speed_v,SC,0,0,0,2.433090,10.005708,9.205708,7.26518393,0.002731,0.002729,-1.77883e-07,-3.0995e-06,0.073083647,73.083647,74.607268,0.716706,0.343442,0.350602,0.00076761,0.001577,0
2026-09-21T12:04:49.754+10:00,0.047000,5,0,preparing,5.000000,100.000000,-10.000000,10.000000,3,Speed_v,SC,0,0,0,2.433090,10.005708,9.205708,7.26518393,0.002731,0.002730,-1.77883e-07,-3.0995e-06,0.073083647,73.083647,74.353331,0.716706,0.343442,0.349408,0.00076761,0.001577,0
2026-09-21T12:04:49.770+10:00,0.062000,6,0,preparing,5.000000,100.000000,-10.000000,10.000000,3,Speed_v,SC,0,0,0,2.433090,10.005708,9.205708,7.26519299,0.002750,0.002733,-2.57976e-07,-3.0995e-06,0.071080137,71.080137,73.885732,0.697058,0.334027,0.347211,0.00380745,0.007824,0
2026-09-21T12:04:49.770+10:00,0.062000,7,0,preparing,5.000000,100.000000,-10.000000,10.000000,3,Speed_v,SC,0,0,0,2.433090,10.005708,9.205708,7.26519299,0.002750,0.002735,-2.57976e-07,-3.0995e-06,0.071080137,71.080137,73.535033,0.697058,0.334027,0.345563,0.00380745,0.007824,0
2026-09-21T12:04:49.785+10:00,0.078000,8,0,preparing,5.000000,100.000000,-10.000000,10.000000,3,Speed_v,SC,0,0,0,2.433090,10.005708,9.205708,7.26515675,0.002675,0.002728,-5.1223e-08,-3.0995e-06,0.076252021,76.252021,73.836921,0.747777,0.358331,0.346981,-0.00753233,-0.015479,0
2026-09-21T12:04:49.785+10:00,0.078000,9,0,preparing,5.000000,100.000000,-10.000000,10.000000,3,Speed_v,SC,0,0,0,2.433090,10.005708,9.205708,7.26515675,0.002675,0.002723,-5.1223e-08,-3.0995e-06,0.076252021,76.252021,74.078431,0.747777,0.358331,0.348116,-0.00753233,-0.015479,0
2026-09-21T12:04:49.800+10:00,0.094000,10,0,moving_to_initial_max,5.000000,100.000000,-10.000000,10.000000,3,Speed_v,SC,0,0,0,2.433090,9.997325,9.747325,7.26515675,0.002675,0.002718,-1.32248e-07,-3.0995e-06,0.074225197,74.225197,74.091773,0.727901,0.348806,0.348179,-0.00753233,-0.015479,0
2026-09-21T12:04:49.800+10:00,0.094000,11,0,moving_to_initial_max,5.000000,100.000000,-10.000000,10.000000,3,Speed_v,SC,0,0,0,2.433090,9.997325,9.747325,7.26515675,0.002675,0.002715,-1.32248e-07,-3.0995e-06,0.074225197,74.225197,74.102892,0.727901,0.348806,0.348231,-0.00753233,-0.015479,0
